 word , count 
work,80
company,37
great,27
good,25
Ford,23
employees,18
The,18
working,16
lot,16
get,16
life,15
time,15
benefits,14
environment,13
hours,13
management,13
many,13
people,13
opportunities,10
Work,10
culture,10
job,10
opportunity,10
It,10
place,9
Good,9
balance,9
pay,9
make,9
long,9
large,8
much,8
well,8
No,8
Great,8
Long,7
company|,7
process,7
years,7
career,7
home,7
even,6
products,6
Too,6
still,6
development,6
employee,6
new,6
environment|,6
benefits|,6
like,6
Management,6
old,6
really,6
far,5
team,5
family,5
high,5
plant,5
move,5
hard,5
Very,5
This,5
days,5
one,5
little,5
part,5
salary,5
Some,5
best,5
learning,5
better,5
You,5
big,5
IT,5
've,5
work|,5
growth,5
learn,5
business,5
Many,4
global,4
Not,4
every,4
Sometimes,4
amazing,4
Can,4
day,4
feel,4
mind,4
opportunities|,4
take,4
Gurgaon,4
lots,4
sometimes,4
staff,4
competitive,4
lack,4
across,4
wo,4
Team,4
workers,4
union,4
interest,4
NAME,4
cons,4
technology,4
skill,4
Company,4
around,4
security,4
hot,4
balance|,4
way,4
departments,4
department,4
nice,4
limited,3
positions,3
interns,3
exciting,3
none,3
Managers,3
making,3
challenging,3
hours|,3
things,3
help,3
including,3
interesting,3
systems,3
term,3
workload,3
year,3
teams,3
open,3
Job,3
given,3
quality,3
For,3
system,3
mentality,3
If,3
believe,3
compensation,3
comfortable,3
also,3
They,3
people|,3
culture|,3
plan,3
especially,3
definitely,3
flexibility|,3
find,3
based,3
kind,3
People,3
probably,3
job|,3
advancement,3
supervisor,3
due,3
Flexible,3
see,3
holidays,3
organization,3
load,3
Lots,3
money,3
product,3
ca,3
know,3
projects,3
often,3
Life,3
Nothing,3
leadership,3
manufacturing,3
anything,3
freedom,3
location,3
managers,3
pay|,3
overtime,3
low,3
promotions,3
changes,3
politics,3
traditional,3
graduate,3
building,3
consider,2
worked,2
causes,2
layers,2
Chennai,2
buddy,2
friendly,2
automotive,2
multiple,2
school,2
companies,2
slow,2
direct,2
stressful,2
paying,2
ever,2
others,2
change,2
talent,2
technical,2
social,2
complicated,2
love,2
flexibility,2
market,2
live,2
bureaucracy,2
enjoying,2
room,2
car,2
remain,2
anywhere,2
want,2
One,2
left,2
summer,2
main,2
Salary,2
rotation,2
always,2
Lack,2
skills,2
everyone,2
buildings,2
trying,2
enviroment,2
may,2
Ford|,2
care,2
could,2
times,2
levels,2
dont,2
inhibits,2
fast,2
industry|,2
city,2
officials,2
grow,2
gives,2
relationship,2
stress,2
project,2
future,2
family|,2
treated,2
Pay,2
say,2
manner,2
oriented,2
performance,2
High,2
professional,2
atmosphere,2
access,2
Big,2
less,2
employer,2
pretty,2
stay,2
areas,2
it|,2
bad,2
stuff,2
ethical,2
politics|,2
depends,2
college,2
close,2
missing,2
sharing|,2
wide,2
right,2
incredibly,2
comes,2
tough,2
bureaucratic,2
treat,2
expected,2
Center,2
blessing,2
else,2
jobs,2
Ca,2
Culture,2
behavior,2
fun,2
costly,2
different,2
develop,2
grow|,2
coworkers,2
gets,2
week,2
contractors,2
highly,2
center,2
makes,2
goals,2
Quality,2
latest,2
Takes,2
rigid,2
mobility,2
seems,2
easy,2
lacking,2
done,2
really|,2
benefit,2
individuals,2
deal,2
HR,2
Benefits|,2
atmosphere|,2
exists,2
decision,2
per,2
provides,2
employees|,2
considering,2
schedule,2
takes,2
would,2
getting,2
good|,2
stand,2
road,2
within,2
Everything,2
risk,2
area,2
enough,2
level,2
buying,2
us,2
're,2
nature,2
certain,2
engineering,2
expertise,2
corporation,2
UAW,2
exposure,2
Luckily|,1
breadth,1
prjects,1
focus,1
leads,1
manager,1
Support|,1
salaries,1
dirty,1
Department,1
Progress,1
creative,1
manage|,1
seemed,1
looking,1
managementHard,1
slowing,1
technique,1
cons|,1
pensions,1
compensate,1
Schedules,1
salesflow,1
must,1
norm,1
plants,1
updated,1
center-,1
incorporate,1
worse,1
results,1
ROP,1
valued,1
additional,1
opinion,1
awful,1
manageable,1
expectations,1
cool,1
timely,1
enjoyable,1
hour,1
progression,1
Less,1
Global,1
Wear,1
assignments,1
staffGood,1
bias|,1
Purchasing.Ford,1
small,1
tear,1
dusty|,1
attracting,1
enjoy,1
.supplier,1
dealing,1
okay|,1
jump,1
surrounding,1
second,1
cost,1
design,1
professionally,1
perks5,1
patient,1
telecommuting|,1
faults|,1
hourly,1
rate,1
pace,1
Supports,1
good..nothing,1
Cheenai,1
unhelpful,1
bonuses,1
abides,1
international,1
Rotation,1
ground,1
option3,1
told,1
frameCan,1
never,1
defense|,1
disciplinesVery,1
understanding,1
explore,1
busy,1
let,1
possibility,1
groups,1
path,1
strong,1
rewarding|,1
track|,1
Is,1
work/life,1
ahead,1
EVER,1
changed,1
experience,1
Your,1
amount,1
innovation.The,1
Motor,1
action,1
Technology,1
carpets,1
OEM-Supplier,1
salary2,1
criteria|,1
win,1
Relations,1
young,1
Slow,1
hard|,1
seriously,1
rarely,1
talented|,1
balanceGreat,1
sympathetic,1
bonus,1
figure,1
objectives,1
give,1
Overall,1
two,1
next,1
and|,1
quo,1
Hard,1
sharpen,1
assessment,1
achieving,1
Those,1
food,1
sanand,1
Career,1
salary|,1
employees-,1
hurt,1
phone,1
American,1
controlling,1
positions|,1
Time,1
Enviorment,1
effort,1
potential,1
circumstances,1
customer,1
Pay|,1
inexperience,1
So,1
originally,1
appraisal.3,1
sucks,1
worth,1
values,1
staffing,1
burocracy,1
growing,1
value|,1
appraisal,1
industry,1
Out,1
tools/processes,1
bosses|,1
done.Being,1
awesome,1
positives.Process,1
favoritesCafeteria,1
Reactive,1
something,1
weeklyGood,1
number|,1
Several,1
rid,1
absolute,1
huge,1
educational,1
UK|,1
perspectives,1
sit,1
provide,1
travel,1
Who,1
averse.Archaic,1
delay,1
areSuper,1
plus,1
Yr,1
intelligent,1
Why,1
gamble,1
map,1
Technical,1
slow|,1
use,1
Plant,1
tied,1
FORD,1
produce,1
date,1
bonuses|,1
Oak,1
Keep,1
meaningful,1
lifecycle,1
status,1
All,1
short,1
harrassed,1
Morale,1
robot,1
Bonus,1
switch,1
maintain,1
Politics,1
create|,1
dream,1
order,1
talk,1
nearly,1
excepted,1
cold,1
office,1
wit,1
Interesting,1
However|,1
wishing,1
choose,1
stability,1
held,1
Balance.5,1
co-workers|,1
looks,1
rewarded,1
minimim,1
challenging|,1
Higher,1
Body,1
Working,1
plansLack,1
somewhere,1
organisation,1
flawed,1
Unlimited,1
responsibilities,1
late,1
willing,1
degrees,1
annual,1
policy,1
weeks,1
might,1
launch,1
widely,1
making|,1
entire,1
surrounds,1
auto,1
safe,1
cascade,1
development|,1
cutting,1
hands,1
producing,1
developments,1
strive,1
wont,1
easily,1
Just,1
Their,1
cubicles,1
India,1
utilized,1
Detroit|,1
reasonable,1
ongoing,1
found,1
difficult,1
typical,1
constraints,1
Lot,1
knowledgeable,1
lotto,1
recognition,1
cyclical,1
environment.Great,1
expect,1
week|,1
unfair|,1
insurance,1
More,1
try,1
ultimately,1
followed,1
funding,1
network,1
driving,1
twice,1
Michigan,1
outings,1
health,1
got,1
current,1
cause,1
rebuilding,1
favoritism-,1
Co-workers,1
car|,1
personal,1
free,1
pleasant,1
warehouse.Bonus,1
Expecting,1
Mature,1
imagine,1
house|,1
time|,1
VP,1
day|,1
miss,1
learning4,1
rule,1
Though,1
silicon,1
profit,1
hoursProfessional,1
promotion,1
think,1
first,1
Huge,1
constantly,1
Appreciation|,1
There,1
Please,1
encouraging,1
production,1
feedback|,1
revolution,1
another,1
hear,1
impossible,1
array,1
ways,1
engineer,1
service,1
stuck,1
guys,1
top,1
hot|,1
statement,1
on-site,1
scary,1
challenge,1
excellent,1
Competitive,1
satisfaction,1
Negative,1
depressing,1
Traditional,1
locationsPotential,1
somewhat,1
distance,1
colleagues,1
Growth|,1
mantra..,1
likely,1
part|,1
exposure4,1
distancy,1
proactive,1
Engineer,1
behaviors,1
timings.4,1
FALSE,1
changes|,1
demanding.Training,1
north,1
Enginner,1
relatively,1
nights,1
genuine,1
depending,1
thoroughly,1
hierarchical|,1
Flexibility,1
internal,1
lifeTreated,1
conscience,1
play,1
added,1
unless,1
qualities,1
test,1
balance.Lay,1
whole,1
reach,1
paid,1
disjointed,1
whichever,1
Gujarat,1
balanceCross,1
numerous,1
fair,1
Ability,1
approachable,1
motivators,1
steps|,1
drive,1
face,1
managing,1
exp,1
usually,1
Royal,1
senior,1
typically,1
review,1
came,1
KTP|,1
shop,1
year|,1
particularly,1
show,1
Profit,1
for|,1
Graduate,1
Small,1
companies|,1
superb,1
decade,1
We,1
upgrade,1
implementation,1
outside,1
action|,1
going,1
Others,1
Drives|,1
work-life,1
smaller,1
employer|,1
slows,1
specifications,1
PD,1
beat,1
familiar,1
positionLarge,1
busy|,1
truly,1
Large,1
clock,1
None,1
ETAP,1
THE,1
promotionsWork,1
Worked,1
comment,1
earn,1
appeal,1
bar,1
initial,1
countries,1
moneySet,1
email,1
CULTURE,1
promoted-,1
hoursBureaucracy,1
though,1
dangerous,1
accountabilityVery,1
Paint,1
vision,1
view,1
respond,1
set,1
innovative,1
dealership-level,1
actively,1
technical|,1
culture.You,1
imbalances,1
practices,1
encouraged,1
PR,1
phases,1
exemplary,1
compensations|,1
away,1
averageTraining,1
tend,1
politics2,1
Part,1
Rotational,1
correctly,1
simplest,1
blocked,1
conditions,1
College,1
terms,1
ability,1
consuming.Nothing,1
disposable,1
subject,1
boss,1
Paid,1
wear,1
approval,1
door,1
sweet|,1
inertia,1
improve,1
essentially,1
last,1
talented,1
barely,1
contract,1
ethics|,1
etc,1
negative,1
dated,1
focused,1
expression,1
con,1
yearly,1
there.Good,1
point,1
Decision,1
motivation,1
community,1
walkable,1
simply,1
solve,1
throughout,1
surveyCorporate,1
ensures,1
petty,1
supportive,1
Hours|,1
asks,1
cares,1
decent,1
life|,1
But,1
Early,1
Most,1
increase,1
flexible,1
waste,1
incompetent,1
competitive|,1
wants,1
agency/contract,1
copy-paste,1
relaxing,1
shortages,1
fun|,1
worker,1
search,1
workplace,1
short-staffed|,1
watches,1
Dearborn,1
improved,1
despite,1
inconsiderate,1
importance,1
money|,1
Balance|,1
degree|,1
coveralls,1
leave,1
home|,1
choices,1
abrupt,1
frustrating,1
procedure,1
engineers,1
pros|,1
bodyNot,1
WFH|,1
attract.keep,1
fin,1
raise,1
Delay,1
Pretty,1
it.The,1
grown,1
disrespectful,1
anymore,1
place|,1
cool|,1
Accountants,1
shifts,1
complex,1
shuttle,1
it.1,1
events,1
four,1
used,1
assignment,1
Medical,1
management|,1
driven,1
coaches,1
security|,1
moving,1
Be,1
student,1
full,1
protected,1
thoughts,1
recent,1
programs,1
program|,1
builder,1
incredible,1
person,1
accountable,1
without,1
services,1
Majorly,1
In,1
become,1
thats,1
drawing,1
excessive,1
actions,1
Labor,1
weekends|,1
mistakes,1
co,1
.Minimal,1
wage,1
note,1
generous,1
cut,1
China|,1
except,1
workwork,1
career|,1
add,1
setting,1
scheduleWork,1
bank,1
mannered,1
role,1
extensive,1
theyre,1
administrative,1
gave,1
micromanagement,1
BureaucraticChallenging,1
Of,1
tiring,1
reimbursement|,1
Micro,1
cultural,1
traffic,1
background,1
schedules,1
world,1
bit,1
resentment,1
wings,1
'One,1
FPSPay,1
lost,1
commitment|,1
chairs,1
suppliers,1
strictly,1
either,1
accessible|,1
expresses,1
lateral,1
reasonably,1
inexperienced,1
behaviourGlobal,1
AC,1
Little,1
back,1
competition,1
bore,1
employment,1
Difficult,1
happens,1
provided,1
total,1
Mostly,1
contacts,1
stable|,1
Nobody,1
Quite,1
everything,1
innovation,1
salaried,1
leader,1
professionals,1
etc.If,1
Bi-annual,1
averse,1
Bill,1
awsome,1
overall,1
broken,1
stress|,1
Promotion,1
intense,1
Location,1
colleaguesGood,1
territory,1
ok,1
board|,1
hierarchy,1
perks,1
hired,1
nothing,1
pockets,1
together,1
here..,1
comp,1
upward,1
unaccomplished,1
locally,1
environmentFriendly,1
pays,1
functional,1
vacation,1
weather,1
valued|,1
raises,1
raise|,1
Winter,1
Bureaucracy,1
experience|,1
Management.6,1
possible,1
support,1
exposed,1
racism,1
fight,1
accordingly,1
companies.2,1
valley,1
Come,1
mornings,1
manageable|,1
MOTOR,1
offering,1
funds,1
hard-working,1
amongst,1
ford,1
volume,1
hierarchical,1
contradictory,1
strenuous,1
career.STA,1
antiquated,1
line,1
TRUE,1
atmoshphere,1
systematic|,1
delivery,1
Office,1
wish,1
ruined,1
retire,1
weekSwitch,1
non-GT,1
problem,1
agree,1
strongly,1
developmentEmpowermentManagement,1
constant,1
go,1
Friendly|,1
deep,1
Yeah,1
To,1
sleeved,1
diving,1
education,1
modern|,1
physical,1
tedious,1
functions,1
compared,1
favoritism,1
floor,1
run,1
knowledge|,1
Delivery,1
reputation,1
Know,1
brings,1
organized|,1
deviate,1
poor,1
requested,1
Like,1
living,1
financials,1
felt,1
convincing,1
enviornmnt,1
members|,1
expressing,1
helping,1
chance,1
accomplish,1
conditions|,1
Making,1
'm,1
weekend,1
Atmosphere,1
structure,1
individual,1
Midtown,1
requires,1
required,1
everywhere|,1
governed,1
Product,1
exhausting,1
hikes,1
depth,1
u,1
situations,1
fresh,1
starting,1
original,1
