NEWS Headlines,Publish Time
Yamazen Homes to merge with unit,09-Jun-17
BRIEF-Toyota China sales in May up 9.6 pct y/y ,05-Jun-17
Toyota China sales in May up 11.6 pct y/y ,05-Jun-17
Toyota recalls certain model year 2016 & 2017 Tacoma vehicles..,01-Jun-17
"Toyota Motor North America reports U.S. Sales of 218,248 units for May, down 0.5 pct ",01-Jun-17
Four automakers to resolve economic loss claims in Takata multidistrict litigation in U.S.,18-May-17
"Nvidia, Toyota collaborate to accelerate market introduction of autonomous cars ",10-May-17
Toyota's April vehicle sales in China +7.2 percent y/y ,09-May-17
Toyota Motor North America reports 4.4 pct decrease in April sales ,02-May-17
"Toyota Motor North America recalls about 228,000 vehicles ",27-Apr-17
Toyota says March China vehicle sales up 11.9 percent y/y ,06-Apr-17
Toyota Motor North America says March U.S. sales down 2.1 pct on a volume basis ,03-Apr-17
Microsoft announces patent license agreement with Toyota ,22-Mar-17
"Toyota, NTT partnering on autonomous cars - Nikkei ",22-Mar-17
Toyota Motor Europe to invest 240 mln STG in its UK car plant ,16-Mar-17
Toyota Motor to launch feasibility study on building factory in Saudi Arabia - Nikkei ,10-Mar-17
Ilika announces commercially-funded project to develop energy materials in collaboration with Toyota ,09-Mar-17
Toyota Feb China vehicle sales up 25.1 percent y/y ,03-Mar-17
"Toyota Motor North America reports Feb U.S. sales of 174,339 vehicles ",01-Mar-17
Toyota reports executive appointments in North America ,01-Mar-17
Toyota Kirloskar Motor Feb domestic sales up 12 pct ,01-Mar-17
Hino Motors appoints new president ,01-Mar-17
"Toyota China venture to recall 286,578 vehicles on risk of bonnet unlatching - quality watchdog ",14-Feb-17
Toyota says China vehicle sales in January down 18.7 pct y/y ,08-Feb-17
Toyota executive says would take time to consider capital tie-up with Suzuki Motor ,06-Feb-17
"Toyota Motor, Suzuki Motor near agreement on comprehensive partnership - Nikkei ",03-Feb-17
Toyota U.S. vehicle sales for January fall 11.3 pct ,01-Feb-17
"Toyota, Peugeot's Czech car plant production highest since 2011 -CTK ",01-Feb-17
Futaba Industrial raises 10 bln yen via private placement ,01-Feb-17
Toyota Motor buys back 29 mln shares for 199.98 bln yen ,01-Feb-17
U.S. January light vehicle sales total 17.01 mln units at SAAR - Wards ,30-Jan-17
Toyota recalls certain Tundra vehicles ,24-Jan-17
"Suntory Holdings to disband domestic greening business, transfer ops to China - Nikkei ",19-Jan-17
Toyota says North American vehicle production reached 2.12 mln in 2016 ,19-Jan-17
"R&I affirms Toyota Motor's rating at ""AA+"" and announces stable outlook . R&I ",18-Jan-17
Toyota Motor North America says expanding recall involving Takata front passenger air bag inflators ,13-Jan-17
Toyota says China 2016 sales rise 8.2 pct y/y ,06-Jan-17
"Toyota Motor Sales U.S.A. reports December 2016 sales of 243,229 vehicles, up 2 pct on volume basis ",04-Jan-17
"Ford, Toyota form nonprofit to manage software for app development for vehicles ",04-Jan-17
Toyota Motor unit announces outcome of ToB for shares in Misawa Homes ,27-Dec-16
Toyota announces executive changes in North America ,22-Dec-16
Toyota Motor North America says conducting safety recall of certain Model Year 2017 Toyota 86 vehicles ,19-Dec-16
Toyota Motor North America recalls four model year 2016 Avalon and eight model year 2017 Camry vehicles in US ,19-Dec-16
Toyota Motor's global sales are expected to top 10 mln vehicles in 2016 - Nikkei ,13-Dec-16
"Toyota Motor buys back 932,100 shares for 6.2 bln yen in November ",05-Dec-16
Toyota Motor Credit Corp's CFO Chris Ballinger resigned ,02-Dec-16
Toyota says Nov China vehicle sales +6.0 percent y/y ,02-Dec-16
Toyota's U.S. vehicle sales in November rise 4.3 pct ,01-Dec-16
"Toyota Motor, nine affiliates plan to extend full-time status to 1,054 contract factory workers in fiscal 2016 - Nikkei ",23-Nov-16
Toyota spokesman says .would like to refrain from commenting. on injuries or crashes as result of safety flaw in recalled Toyota Sienna vehicles ,22-Nov-16
Toyota Motor North America Inc recalls certain Sienna vehicles ,22-Nov-16
Toyota Motor unit offers ToB for shares in Misawa Homes and plans capital and business alliance ,22-Nov-16
Toyota exec: our view remains that FCVs are future of zero-emission cars ,08-Nov-16
Toyota Motor to buy back 40 mln shares for 200 bln yen ,08-Nov-16
"Toyota announces plans to buy back, cancel shares ",08-Nov-16
Toyota says October China vehicle sales -4.1 percent y/y ,02-Nov-16
U.S. October light vehicle sales volume totals 1.36 million units - Wards ,01-Nov-16
"Toyota Motor Sales U.S.A.,- reports U.S. Oct 2016 sales of 186,295 units, a decrease of 8.7 percent on a volume basis.",01-Nov-16
Toyota Motor invests about $10 mln in California-based startup Getaround - Nikkei ,21-Oct-16
Toyota Motor North America says to recall certain model year 2016 highlander vehicles in U.S.,19-Oct-16
Toyota Kirloskar Motor partners with Uber for vehicle buying solutions for Uber driver partners ,12-Oct-16
Toyota Finance expected to issue new three-year bonds with annual yield of about 0.0003 pct - Nikkei ,11-Oct-16
Toyota Motor North America recalls certain model year 2016 and 2017 Prius vehicles ,04-Oct-16
Toyota says Sept China vehicle sales +12.4 pct y/y ,15-Sep-16
"Toyota, Daihatsu: to set up company for compact car product planning, production preparation for emerging markets ",14-Sep-16
"Toyota to increase Tacoma's production by more than 60,000 trucks annually at Baja California, Mexico facility in 2018 ",14-Sep-16
"Toyota Motor North America says Wednesday's recall affects about 14,100 units worldwide ",09-Sep-16
"Toyota Motor North America Inc says conducting a safety recall of about 7,600 model year 2016 Toyota Prius vehicles in the U.S.",07-Sep-16
Denso in talks to increase its interest in Fujitsu Ten to a majority stake - Nikkei ,01-Sep-16
Toyota Motor completes 87.5 mln shares' buy-back for 499.98 bln yen ,18-Aug-16
Toyota says Aug China vehicle sales +1.8 pct y/y ,11-Aug-16
"Toyota Motor Sales U.S.A. Aug sales of 213,125 units, down 5 pct from last year on volume basis ",04-Aug-16
Toyota Motor and NEC to join public-private initiative to develop core AI technology- Nikkei<6701.T><7203.T> ,03-Aug-16
Toyota Motor partners with University of Michigan on artificial intelligence research - Nikkei<7203.T> ,02-Aug-16
Toyota sees 2016/17 N.Amer sales of 2.88 mln vehicles vs previous 2.85 mln ,02-Aug-16
Toyota Motor buys 29.1 mln shares in July ,01-Aug-16
Toyota Motor Sales U.S.A. July 2016 sales down 1.4 pct from July 2015 on volume basis ,01-Aug-16
Toyota says July China vehicle sales +5.7 percent y/y ,11-Jul-16
Toyota raises stake in Daihatsu to 100 pct - Nikkei<7203.T> ,05-Jul-16
Toyota Kirloskar Motor July domestic sales up 3 pct<7203.T> ,04-Jul-16
Lexus reports record H1 car sales in Europe ,01-Jul-16
Toyota Motor updates share repurchase status ,29-Jun-16
Toyota says June China vehicle sales -3.4 percent y/y ,28-Jun-16
"Toyota Motor Sales U.S.A. June 2016 sales of 198,257 units, 5.6 pct decline from June 2015 on volume basis ",03-Jun-16
"Toyota and Lexus recalls 72,885 UK-registered vehicles over fuel emission,airbag issues ",03-Jun-16
Toyota Motor Sales U.S.A. recalls certain Prius and Lexus CT vehicles ,02-Jun-16
Toyota says May China vehicle sales +12.0 percent y/y ,01-Jun-16
Toyota Motor updates share repurchase status ,27-May-16
Toyota says to restart production at halted assembly lines ,25-May-16
Toyota says May U.S. sales fell 9.6 pct ,24-May-16
Toyota Motor will issue 10 and 20-yr bonds with lowest interest rates ever seen in Japan's private sector - Nikkei ,23-May-16
"Toyota Motor Sales, USA recalls about 3,100 model year 2015 Yaris hatch back vehicles ",19-May-16
Toyota to invest in Uber as part of new ridesharing collaboration ,18-May-16
Futaba Industrial to issue new shares to Toyota Motor via private placement for 1 bln yen ,11-May-16
Toyota to offer 20-year corporate bonds - Nikkei ,11-May-16
Toyota to continue production on all Japan lines May 23-28 ,11-May-16
Toyota Motor Corp forecasts 340 bln yen profit boost in FY 2016<7203.T> ,11-May-16
Toyota president: earnings results in past few years due largely to favourable forex ,06-Apr-16
Toyota Motor to repurchase 100 mln shares ,06-Apr-16
Toyota to buy back shares worth up to $4.6 billion ,02-Mar-16
Toyota Motor Corp recalls certain 2016 model year Sienna Minivans - Reuters News ,21-Feb-16
"Toyota Motor Corp Recalls some 2016 Model Year RAV4 and Lexus RX, ES Vehicles - Reuters News ",19-Feb-16
"Toyota Motor Corp - Toyota adds 331,200 vehicles to Takata air bag recalls - Reuters ",17-Feb-16
"Toyota Motor Corp - Toyota Australia recalls 98,000 vehicles over seatbelt fault - XINHUN ",17-Feb-16
Toyota Motor Corp - Canada says finds possible Toyota vehicle defect after fatal crash - Reuters ,09-Feb-16
Toyota Motor Corp conducting recall of about 1.1 mln RAV4 EV vehicles - Reuters ,03-Feb-16
Toyota Motor Corp to Recall 2.87 Million Vehicles World-Wide Over Seatbelt Glitch - Dow Jones ,02-Feb-16
"Toyota Motor Corp - Toyota Motor Sales USA says conducting safety recall of about 26,000 Scion FR-S vehicles - Reuters ",29-Jan-16
Toyota Motor Corp U.S. arm to pay up to $22 mil. over allegedly unfair car loans - KYDO ,27-Jan-16
"Toyota Motor Corp Recalls Certain Land Cruiser, Tundra, Sequoia, GX Vehicles ",27-Jan-16
Toyota Motor to fully acquire DAIHATSU MOTOR via stock swap ,15-Jan-16
"Toyota Motor Corp Sales, USA says Lexus recalls certain 2016 RX 350 and RX 450h vehicles - Reuters ",04-Jan-16
Toyota Motor Corp - Takata recalls air bag inflators in 5.1 mln US vehicles - Reuters - Update ,24-Nov-15
"R&I affirms Toyota Motor's rating at ""AA+"" and announces stable outlook ",24-Nov-15
Toyota Motor Corp - India's top court upholds ban on sale of large diesel cars in Delhi - Reuters ,05-Nov-15
Toyota Motor Corp to replace Takata airbag inflators previously deemed safe - Reuters ,05-Nov-15
Toyota Motor Corp reissues recall for 1.6 mln cars in Japan over airbags - Reuters ,03-Nov-15
Toyota Motor to issue mid-year dividend for FY 2016 ,17-Sep-15
Toyota Motor to retire treasury shares ,26-Aug-15
Toyota Motor Corp recalls certain Avalon and Lexus ES vehicles ,15-Jul-15
"Toyota Motor Corp recalls 423,500 SUVs in US for windshield wipers issue - Reuters ",07-Jul-15
Ten automakers are sued over keyless ignitions defendants include Toyota Motor Corp - Reuters ,02-Jul-15
"Toyota Motor Corp recalls 625,000 hybrid cars globally for software glitch - Reuters ",25-Jun-15
"Toyota Motor Corp to recall more than 7,100 units of Corolla over defective passenger-side airbags - The Economic Times ",16-Jun-15
Toyota Motor announces issue price of class AA shares ,15-May-15
Toyota Motor Corp expand air bag recalls after latest U.S. action - Reuters ,13-May-15
Toyota Motor to issue Class AA shares and repurchase shares ,13-May-15
"Expansion of Toyota Motor Corp air bag recall includes 637,000 U.S. vehicles - Reuters ",08-May-15
"Toyota Motor Corp, Nissan Motor Co Ltd and Honda Motor Co Ltd to expand Takata air bag recalls by millions - Reuters ",28-Apr-15
Toyota Motor announces business alliance with Mazda Motor ,11-Mar-15
Toyota Motor to issue year-end dividend for FY 2015 ,04-Mar-15
Toyota Motor to issue first series Class AA shares ,04-Feb-15
"Toyota Motor Corp to recall 112,500 U.S. vehicles on possible safety issues - Reuters ",31-Jan-15
Toyota Motor to merge with subsidiary and take over business from sub-subsidiary ,28-Jan-15
Toyota Motor Corp ordered to pay $11 mln in U.S. trial over fatal crash - Reuters ,28-Nov-14
"U.S. regulators recall 2.1 million vehicles made by Toyota Motor Corp, Fiat Chrysler Automobiles NV and Honda Motor Co. in new air bag issue - Reuters ",28-Nov-14
"R&I affirms Toyota Motor's rating at ""AA+"" and announces stable outlook ",28-Nov-14
Toyota Industries Corporation and Toyota Motor Corporation to consolidate joint diesel engine development and production under the control of TICO ,26-Nov-14
Toyota Motor to consolidate development and Japanese production of manual transmissions under subsidiary of AISIN SEIKI ,05-Nov-14
"Toyota Motor, AISIN SEIKI, Denso and Sumitomo Electric Industries to accelerate consolidation of brake system engineering, manufacturing, and sales under Advics Co., Ltd.",15-Oct-14
Toyota Motor Corp to acquire vehicle development business from subsidiary ,20-Aug-14
Toyota Motor Corp to issue mid-year dividend for FY 2015 ,11-Jun-14
Toyota Motor Corp recalls 1.67 mln cars for three separate defects-Business Standard ,08-May-14
Toyota extends deal with TomTom ,08-May-14
Toyota Motor Corp announces private placement of treasury stock ,22-Apr-14
Toyota Motor Corp recalls vehicles for airbag flaws-Business Standard ,26-Mar-14
Toyota Motor Corp gives FY 2015 guidance below analysts' estimates - Conference Call ,20-Mar-14
Toyota Motor Corp proposes dividend ,13-Feb-14
Toyota Motor Corp's Toyota Kirloskar Motor's workers resume duty-Business Standard ,07-Feb-14
Toyota Motor Corp's Toyota Kirloskar Motor workers withdraw hunger strike-Business Standard ,04-Feb-14
Toyota Motor Corp's Toyota Kirloskar Motor workers on hunger strike-Business Standard ,28-Jan-14
Toyota Motor to sell treasury shares and retire treasury shares ,12-Jan-14
Toyota Motor enters agreement with U.S Attorney's Office ,21-Nov-13
Toyota Motor Corp issues recall for Prius hybrid-The New York Times ,06-Nov-13
Toyota Motor Corp's Toyota Motor Corporation Australia Ltd to stop production of car and engine ,06-Nov-13
Toyota Motor Corp nears deal to pay $1 billion to end criminal probe-Dow Jones ,23-Oct-13
Toyota Motor Corp raises FY 2014 outlook - Conference Call ,18-Oct-13
"R&I affirms rating on Toyota Motor Corp at ""AA+"" and rating outlook stable ",06-Oct-13
Toyota Motor Corp to produce 10 million vehicles in 2014 despite tax hike - Asahi Shimbun ,27-Sep-13
Toyota Motor Corp Announces Joint Development of Hybrid Vehicle in China with FAW Group Corporation and Guangzhou Automobile Group Co Ltd- Nikkei ,19-Sep-13
Toyota Motor Corp to Issue Mid-year Dividend for FY 2014 ,19-Sep-13
Toyota Motor Corp Raises Consolidated Full-year Outlook for FY 2014 - Yomiuri ,10-Sep-13
Toyota Motor Corp's Joint Venture to Increase Production at Chengdu Plant in China - Asahi Shimbun ,07-Aug-13
"Toyota Motor Corp to Recall 803,000 Vehicles- Los Angeles Times ",24-Jul-13
Toyota Motor Corp Receives Order - Yomiuri Online ,19-Jul-13
Toyota Motor Corp Recalls Minivans - MSN Sankei ,16-Jul-13
Toyota Motor Corp and Peugeot SA Continue Business Alliance - Reuters ,03-Jul-13
Toyota Motor Corp to Increase Vehicle Production Capacity in Argentina ,05-Jun-13
"Toyota Motor Corp to Recall 870,000 Vehicles in North America-Jiji Press ",05-Jun-13
ARRK Corp to Divest Holdings in Subsidiary and Sub-subsidiaries to Toyota Tsusho Corp and Toyota Motor Corp.,30-May-13
"Toyota Motor Corp, Nissan Motor Co Ltd, Honda Motor Co Ltd and Mitsubishi Motors Corp Agree to Joint Development of Charging Infrastructure- ENP Newswire ",17-Apr-13
Toyota Motor Corp to Establish New Plant in Indonesia- Asahi Shimbun ,16-Apr-13
Judge Grants Approval Of $1.6 Billion Toyota Motor Corp's SUA Settlement ,11-Apr-13
Autoliv Inc Executive Pleads Guilty to Conspiracy to Fix Prices of Seatbelts Sold to Toyota Motor Corp-Reuters ,06-Mar-13
"Toyota Motor Corp To Recall 185,000 Cars Globally-Reuters ",14-Feb-13
"Toyota Motor Corp To Recall 242,000 Hybrids For Brake Design Flaw-Reuters ",05-Feb-13
"Toyota Motor Corp Recalls 4,947 UK Registered Prius Vehicles-Reuters ",30-Jan-13
Toyota Motor Corp To Make Batteries In China As Country Warms To Hybrid Cars-Reuters ,25-Jan-13
Toyota Motor Corp to Pay Year-end Dividend for FY 2013 ,24-Jan-13
Toyota Motor Corp to Improve Production Capacity in Kentucky State-Reuters ,22-Jan-13
"S&P Affirms Toyota Motor Corp's Rating at ""AA-""; Changes Rating Outlook to Stable-Reuters ",22-Jan-13
"Toyota Motor Corp, Three Other Japan Carmakers To Recall 3.4 Million Vehicles Over Airbag-Reuters ",27-Dec-12
Toyota Motor Corp Announces Changes of Chairman ,27-Dec-12
Toyota Motor Corp Finalizes Multi-State Settlement Over Safety Crisis-Reuters ,18-Dec-12
Toyota Motor Corp Raises Consolidated Full-year Outlook for FY 2013 ,21-Nov-12
"Toyota Motor Corp To Recall 752,000 Corollas In U.S. For Airbag Problems; 385,000 Lexus IS And Series, Over Wiper Problems-Reuters ",14-Nov-12
"R&I Affirms Toyota Motor Corp's Rating at ""AA+""; Rating Outlook Stable ",14-Nov-12
"Toyota, Bayerische Motoren Werke AG Expand Technology-Sharing Partnership For Fuel Cell, Other Vehicles-DJ ",09-Nov-12
Toyota Motor Corp To License Fuel-cell Technology To Bayerische Motoren Werke AG-Reuters ,05-Nov-12
Takeshi Uchiyamada Set To Become Toyota Motor Corp Chairman-Reuters ,05-Nov-12
Toyota Motor Corp Seeks To Settle Acceleration Case For $1.1 Billion-Reuters ,13-Oct-12
Toyota Motor Corp Announces Settlement of Lawsuit Filed Against Subsidiary ,11-Oct-12
Toyota Motor Corp Fines $17.35 Million For U.S. Floormat Recall Delay-Reuters ,10-Oct-12
"Toyota Motor Corp Recalls 160,000 Tacoma Pickups In US and Canada-Reuters ",10-Oct-12
Toyota Motor Corp To Recall 2.77 Million Cars Over Steering Glitch-Reuters ,06-Sep-12
Toyota Motor Corp Agrees To $25.5 Million US Investor Lawsuit Settlement-The Economic Times ,06-Aug-12
Mazda Motor Corp Announces Business Alliance with Toyota Motor Corp ,01-Aug-12
Toyota Motor Corp Revises FY 2012 Guidance ,24-Jul-12
Toyota Motor Corp Announces Mid-term Dividend Payment for FY 2013 ,23-Jul-12
Japan Fund And Firms Including Toyota Motor Corp Aim To Acquire Renesas Electronics Corp For $2.6 Billion-Reuters ,29-Jun-12
Toyota Motor Corp Reduces Lexus Vehicle Exports To China-DJ ,27-Jun-12
Toyota Motor Corp Recalls 7.4 Million Vehicles Over Window Switch-Reuters ,25-Jun-12
"Toyota Motor Corp's Toyota Kirloskar Motor Recalls 8,700 Cars For Inspection- Business Standard ",19-Jun-12
Toyota Motor Corp To Expand India Capacity-WSJ ,09-May-12
"Toyota Motor Corp Recalls 160,784 RAV4s In China-Reuters ",12-Apr-12
"Toyota Motor Corp Recalls 760,000 RAV4s In U.S.-Reuters ",08-Mar-12
Toyota Motor Corp Plans To Shift Some Lexus RX SUV Output To Canada From Japan-DJ ,15-Feb-12
Peugeot SA (PSA Peugeot Citroen) And Toyota Motor Corporation's Toyota Motor Europe NV/SA Announce New Cooperation On Light Commercial Vehicles in Europe ,08-Feb-12
"Bayerische Motoren Werke AG (BMW), Toyota Motor Corporation To Widen Cooperation-DJ ",07-Feb-12
Bayerische Motoren Werke AG (BMW) And Toyota Motor Corp Extend Technology Ties-Reuters ,07-Feb-12
Toyota Motor Corp To Supply Hybrid Technology To BMW AG-Reuters ,19-Jan-12
Toyota Motor Corporation To Cut Capacity In Japan Again-Reuters ,14-Dec-11
Toyota Motor Corporation to Pay Year-end Dividend for FY 2012 ,09-Dec-11
Hagens Berman Investigates Claims of Toyota Motor Corporation Truck Airbag Failure ,29-Nov-11
"Mitsui-Soko Co., Ltd.'s Subsidiary to Merge with TAS EXPRESSCO.,LTD.",14-Nov-11
"Toyota Motor Corporation Recalls Over 681,000 Vehicles In US Market-Reuter ",08-Nov-11
"R&I Removes Toyota Motor Corporation from Rating Monitor; Downgrades Rating on Toyota Motor Corporation to ""AA+""; Rating Outlook Stable ",08-Nov-11
Toyota Motor Corporation Lifts Planned Output Capacity At Indonesia Plant-Reuters ,21-Oct-11
Toyota Motor Corporation Raises Consolidated Full-year Outlook for FY 2012 ,13-Oct-11
Toyota Motor Corporation Increases Productivity in Mississippi Plant-Yomiuri Shimbun ,11-Oct-11
R&I Places Toyota Motor Corporation on Rating Monitor With View to Downgrading ,07-Oct-11
"Toyota Motor Corporation to Fully Acquire Kanto Auto Works, Ltd.; Announces Merger Between Subsidiaries ",04-Oct-11
Toyota Motor Corporation Announces Consolidated Full-year Outlook for FY 2012 Below Analysts' Estimate ,13-Sep-11
"Bayerische Motoren Werke AG (BMW), Toyota Motor Corporation To Develop Lithium-ion Batteries In Partnership-DJ ",08-Sep-11
Toyota Motor Corporation Recalls Cars in U.S. for Steering Issue-Thai News Service Co. Ltd. ,23-Aug-11
"Intel Corporation, Toyota Motor Corporation Drive Joint Research On In-Vehicle Infotainment Systems ",13-Jul-11
Toyota Motor Corporation Announces Dividend ,13-Jul-11
"Toyota Motor Corporation Amends Full-year Consolidated Outlook for FY Ending March 31, 2012; to Pay Midterm Dividend for FY Ending March 31, 2012 ",13-Jul-11
Toyota Motor Corporation Cuts Output Across Southeast Asia Due To Thai Floods-DJ ,11-Jul-11
Toyota Motor Corporation's Australia Division And Unions Reach Pay Deal-DJ ,05-Jul-11
Toyota Motor Corporation Halt Thai Factories Due To Flooding-Reuters ,29-Jun-11
"Hagens Berman Files Class Action Lawsuit On Behalf Of Honda Motor Co., Ltd. And Toyota Motor Corporation ",16-Jun-11
Toyota Motor Corporation Unit To Make First Post Quake Output Cut-DJ ,16-Jun-11
Toyota Motor Corporation To Spend JPY26.3 Billion To Build New Vehicle Plant In Indonesia-DJ ,16-Jun-11
Toyota Motor Corporation To Build New Factory In Indonesia-DJ ,16-Jun-11
Toyota Motor Corporation to Form Business Alliance with Ford Motor Company ,16-Jun-11
"Toyota Motor Corporation's China Subsidiary To Recall 33,800 Corollas In China For Repair-DJ ",16-May-11
Toyota Motor Corporation's Venezuela Unit Calls For End To Workers' Strike-DJ ,13-May-11
Toyota Motor Corporation Raises Consolidated Mid-year and Full-year Outlook for FY 2012 ,11-May-11
Toyota Motor Corporation Announces New Corporate Structure For Subsidiaries-complete story ,26-Apr-11
Toyota Motor Corporation To Combine Three Units In Northeast Japan-Reuters ,25-Apr-11
Judge Rejects Claims In Toyota Motor Corporation Investor Suit-The Financial Express ,25-Apr-11
Judge Scales Back Toyota Motor Corporation Investors' Legal Claims-Reuters ,25-Apr-11
"Toyota Motor Corporation To Cut Work At Brazil, Argentina Plants-DJ ",24-Apr-11
"Toyota Motor Corporation Recalls Some Highlander, Lexus Vehicles-DJ ",24-Apr-11
Toyota Motor Corporation North American Output To Fully Recover By September-Reuters ,24-Apr-11
"Mitsubishi Heavy Industries, Ltd. And Toyota Motor Corporation's JV In Deal To Sell Five Mitsubishi Regional Jets To Leasing Company-DJ ",22-Apr-11
Toyota Motor Corporation May Return To Normal Output By October-Reuters ,22-Apr-11
Toyota Motor Corporation Issues Consolidated Mid-year and Full-year Outlook for FY 2012 ,22-Apr-11
Toyota Motor Corporation Announces Voluntary Safety Recall Of Certain Prius Vehicles ,22-Apr-11
Toyota Motor Corporation To Ramp Up Indonesia Production Capacity-DJ ,22-Apr-11
Toyota Motor Corporation To Resume Normal India Factory Operations From May 20-DJ ,21-Apr-11
Toyota Motor Corporation To Delay Delivery Of New Prius Alpha Due To Quake-DJ ,21-Apr-11
Toyota Motor Corporation to Issue Dividend for FY 2011 ,21-Apr-11
"Toyota Motor Corporation Recalls 51,000 '11 Tundra Trucks To Inspect Rear Drive Shaft-DJ ",21-Apr-11
Toyota Motor Corporation To Slow Brazil Corolla Output-Reuters ,20-Apr-11
Toyota Motor Corporation's Toyota Motor Vietnam To Cut Output By 70% To June 3 On Parts Shortage-DJ ,19-Apr-11
Toyota Motor Corporation Announces Intent to Voluntarily Recall Certain RAV4 and Highlander Vehicles to Replace Curtain Shield Airbag Sensor Assembly-DJ ,18-Apr-11
Toyota Motor Corporation Auto Loan Service In India-Kyodo News ,14-Apr-11
Parts Shortages May Delay Toyota Motor Corporation's IQ Launch-Reuters ,11-Apr-11
Toyota Motor Corporation Prepares To Halt Output Across Europe-AP ,08-Apr-11
Toyota Motor Corporation To Extend US Production Cuts Due To Parts Shortage Through June 3-DJ ,06-Apr-11
Toyota Motor Corporation To Inspect Some 2009 RAV4 Small SUVs-Reuters ,06-Apr-11
Toyota Motor Corporation Cut Australian Vehicle Production-DJ ,24-Mar-11
Toyota Motor Corporation Updates On Adjustments To North American production ,16-Mar-11
Toyota Motor Corporation To Resume Domestic Production Of All Models From April 18-27-DJ ,14-Mar-11
Microsoft Corp. And Toyota Motor Corporation Announce Strategic Partnership On Telematics ,07-Mar-11
Moody's Japan K.K. Places Toyota Motor Corporation on Rating Monitor With View to Downgrading-KABSHN ,05-Mar-11
Toyota Motor Corporation To Resume Part Of Hybrid Production In Japan From Monday-DJ ,01-Mar-11
Toyota Motor Corporation To Suspend All Auto Assembly Production In Japan Until Tuesday-DJ ,26-Feb-11
Toyota Motor Corporation Halt Production At All Domestic Factories Due To Earthquake And Tsunami-DJ ,24-Feb-11
"Toyota Motor Corporation, Honda Motor Co., Ltd. and Chrysler Recalls Vehicles in U.S.-Agence France Press ",15-Feb-11
"S&P Downgrades Rating on Toyota Motor Corporation from ""AA"" to ""AA-""-Yomiuri Shimbun ",08-Feb-11
"Toyota Motor Corporation Recalls 145,000 Corolla Cars In Brazil-AP ",02-Feb-11
"Toyota Motor Corporation's Subsidiary Toyota Motor Manufacturing, West Virginia, Inc. To Increase Its Six Speed Automatic-transmission Production Capacity ",26-Jan-11
Toyota Motor Corporation Recalls 2.2 Million Vehicles Over Pedal Issues-Reuters ,17-Jan-11
Toyota Motor Corporation Suspends Prius Output After Fire At Japan Plant-DJ ,12-Jan-11
Toyota Motor Corporation Raises Consolidated Full-year Outlook for FY Ending March 2011 ,12-Jan-11
"R&I Affirms Rating on Toyota Motor Corporation at ""AAA""; Rating Outlook Negative ",12-Jan-11
Toyota Motor Corporation Recalls Over 1.7 Million Vehicles Globally-Reuters ,12-Jan-11
Toyota Motor Corporation Suspends Operations At 12 Japan Factories Monday Afternoon-DJ ,12-Jan-11
"Dana Holding Corporation Reaches Settlement With Toyota Motor Corporation's Motor Engineering & Manufacturing North America, Inc. On Warranty Claims Related To Divested Structural Products Business ",05-Jan-11
Toyota Motor Corporation's Toyota Motor Credit To Issue $1.60 Billion Debt-Reuters ,05-Jan-11
Whistleblower Claims Against Toyota Motor Corporation Dismissed-Reuters ,04-Jan-11
Seven Insurance Companies Sue Toyota Motor Corporation-DJ,04-Jan-11
