Post,comments
,Stephen Helstrip
,Good to see that Lancia badge still shows on FCA website with the other brandsStephen Helstripâ€™s comment
,Stephen Helstripâ€™s comment
,Tomas Scirocco
,Great article!Tomas Sciroccoâ€™s comment
,Tomas Sciroccoâ€™s commentMiguel Solimando Liuzzi
,Bella storia..Miguel Solimando Liuzziâ€™s comment
,Miguel Solimando Liuzziâ€™s commentThomas Hubbuch
,Much success Christiaan Dols !Thomas Hubbuchâ€™s comment
,Thomas Hubbuchâ€™s commentBassam Dahdal
,Congratulations Bassam Dahdalâ€™s comment
,Bassam Dahdalâ€™s commentAmmar Al-Dahan
,good luck in your careerAmmar Al-Dahanâ€™s comment
,Ammar Al-Dahanâ€™s commentTahar Alem
,"Congratulations and much success, what to do to join FCA!!!!!Tahar Alemâ€™s comment"
,Tahar Alemâ€™s commentGarry Vleminckx
,Congratulations with the new job!Garry Vleminckxâ€™s comment
,Garry Vleminckxâ€™s commentMarco Russo
,Marco Russoâ€™s commentmilagros alejandra daniel leiva
,"Congratulations, mi piacerebbe lavorare in FCAmilagros alejandra daniel leivaâ€™s comment"
,milagros alejandra daniel leivaâ€™s commentGaetano Forte
,delighted to see comment about dealer network.  so often taken for granted by manufacturers.  forza FCAGaetano Forteâ€™s comment
,Gaetano Forteâ€™s commentsanjiv shah
,Congratulations and best wishes for your continued successsanjiv shahâ€™s comment
,sanjiv shahâ€™s commentMichel P.
,"Great , now lobby for  Fiat cars with the options that other car manufacturers provide ..... ( park assist , Lane assist , HID display etc etc etc ) , don`t see them in the TIPO  Station options while I do see them at for instance  the Megane from Renault .......   But my hart is with Fiat so I wait .."
,Michel P
,Michel P Thomas Duste
,Congrats!! Thomas Dusteâ€™s comment
,Thomas Dusteâ€™s comment
,Alessandro Riccobene
,"Many congratulations for this new role! Pity that, unfortunately, FCA Italy division seems not to give the same importance to careers.... many job applications sent since I've been graduated in Economics and never the possibility for a simple job interview only...and in the meantime many people, less qualified and experienced, hired...Alessandro Riccobeneâ€™s comment"
,Alessandro Riccobeneâ€™s commentStephan Wammes
,Congratulate! The next step to optimize the service towards your dealers is to contact DealerDesk.
,"Best regards, StephanStephan Wammesâ€™ comment"
,Stephan Wammesâ€™ comment
,Saber Dib
,Congratulations and all the best for in your new position !Saber Dibâ€™s comment
,Saber Dibâ€™s commentYouri Winkens
, Congratulations Christiaan Youri Winkensâ€™ comment
,Youri Winkensâ€™ commentAnjanette Futie
,Alfa Romeo  is my passion my drive I can't say enough to my customers about the cars . I tell them  they must  take a test drive before price shopping them. So they too can fall in love as I have with the brand. And I will say 98% of the time they walk out same day with a car. We let the car sell itself .Anjanette Futieâ€™s comment
,Anjanette Futieâ€™s comment
,good picture!Yoko Leeâ€™s comment
,Ondrej Drusa
, Alfa is a cult not just a car. I think Giulia and Stelvio starts new era of this famous brand. 
,"In most of the countries in which I drive, alfa owners blinks to another alfa when they see one. It is amazing. My Giuletta  is great and one day I buy Giulia as well.Ondrej Drusaâ€™s comment"
,James Foster
,"I think Alfa Romeo is a great addition. I always liked their cars. I thought Chrysler was going to enter the cross over , suv segment.James Fosterâ€™s comment"
,James Fosterâ€™s comment
,James Fosterâ€™s comment
,James Foster
, By the way congratulationsJames Fosterâ€™s comment
,Diego Suarez
," Alfa Romeo has always built great cars, management and sales poorly executed has always been their obstacle to growDiego Suarezâ€™s comment"
,Diego Suarezâ€™s commentAlcelio Araujo
,I'll still have one! I'm working for this every day!Alcelio Araujoâ€™s comment
,Lou Rulyancich
, You should have stayed at Alfa Romeo because FCAs days are numbered if Fiat is going to use Chrysler to sell its Euro trash into its non traditional marketsLou Rulyancichâ€™s comment
,Lou Rulyancichâ€™s commentDaniele Leone
, Good market idea!Daniele Leoneâ€™s comment
,Daniele Leoneâ€™s comment
, Daniele Leoneâ€™s comment
,Dan A Hayes
, What's he promoting?Dan A Hayesâ€™ comment
,Dan A Hayesâ€™ commentJacob Mathers
, great fit as a brand ambassador!
,Jacob Mathersâ€™ comment
,Jacob Mathersâ€™ commentAl Dingman
," I heard a rattlesnake bit Mr. Norris a couple of years back,.  It was a sad time. "
, The snake died about 15 minutes after it bit the man.Al Dingmanâ€™s comment
,Al Dingmanâ€™s commentCÃ©sar RodrÃ­guez
," 40 or more , it's still a good betCÃ©sar RodrÃ­guezâ€™s comment"
,CÃ©sar RodrÃ­guezâ€™s commentAdrian Chavez
, Chuck Norris  did not dial wrong number...you took the wrong phone...Adrian Chavezâ€™s comment
,Adrian Chavezâ€™s comment
, Adrian Chavezâ€™s comment
,Vladimir Grinevsky
, Wish you'll have a great succes in relaunching this gteat brand !!Vladimir Grinevskyâ€™s comment
,Vladimir Grinevskyâ€™s comment
, Vladimir Grinevskyâ€™s comment
,Brent Tuckerman
," Don't lose the momentum Nico, I think AR has just begun to flex its muscles and really dust off a sleeping giant of a brand. It'll be a bumpy road, but AR will make it a far more enjoyable journey. Cheers!Brent Tuckermanâ€™s comment"
,Brent Tuckermanâ€™s comment
, Brent Tuckermanâ€™s comment
,Marc - Alexander Roessler
, Viel Erfolg mit den beiden tollen neuen Modellen. Es lebe der Iindividualismus.Marc - Alexander Roesslerâ€™s comment
,Marc - Alexander Roesslerâ€™s comment
, Marc - Alexander Roesslerâ€™s comment
,PABLO JOSE ORTIZ VAZQUEZ
, The cuore is beating stronger than  ever!PABLO JOSE ORTIZ VAZQUEZâ€™S comment
,PABLO JOSE ORTIZ VAZQUEZâ€™S comment
, PABLO JOSE ORTIZ VAZQUEZâ€™S comment
,benedict davingoff
," AR should be up there with the greatest brands , when you look at the history and the cars. Very hard work I should imagine Nico but I am certain it will pay off.benedict davingoffâ€™s comment"
,benedict davingoffâ€™s commentTodd Coleman
," I'm quite interested in this work environment, the energy and commitment to success for both the employee and company  in your "
,Communication. 
,I  am looking for such a place like this to work. 
,Are you a recruiter  for FCA  ? If not could you extend to me some direction in securing a position with your company ? 
,Javier Llaca Fuertesâ€™ commentDan A Hayes
, that's fine what about the usaDan A Hayesâ€™ comment
,Martin MedingdÃ¶rferâ€™s commentRajesh Gupta
, Awesome... good growth in Italy..the brand is making a difference!Rajesh Guptaâ€™s comment
,Rajesh Guptaâ€™s commentAffanddy Ahmad
, when fiat and alfa want to make comeback at Malaysia/Asean countryAffanddy Ahmadâ€™s comment
,Affanddy Ahmadâ€™s commentLimbert Abdala Rodriguez Jimenez
," Hi ,I was working at saltillo truck assembly plant like auditor in dynamic area,how  can i get a opportunity with you again?I am a mechanical engineer.I used to do test on the tracks and find the root cause of the noises."
,Limbert Abdala Rodriguez Jimenezâ€™s comment
,Limbert Abdala Rodriguez Jimenezâ€™s commentVladimir Theodorof
, I hate I will miss this eventVladimir Theodorofâ€™s comment
,Vladimir Theodorofâ€™s commentPhanirama srinivasa vana varma
, How can I register to attend the event !Phanirama srinivasa vana varmaâ€™s comment
,Phanirama srinivasa vana varmaâ€™s commentRobin Van Rensburg
, Impressive growthRobin Van Rensburgâ€™s comment
,What about Lancia's future ?Lorenzo Lucianoâ€™s comment
,Lorenzo Lucianoâ€™s commentFernando Aranguren Muriel
," Stronger, bigger, better...Fernando Aranguren Murielâ€™s comment"
,Fernando Aranguren Murielâ€™s commentJaysing Patekar
, Interested so kindly ref.my CVJaysing Patekarâ€™s comment
,Jaysing Patekarâ€™s commentJaswinder S. Bhullar
, Upkar Singh Alampreet BrarJaswinder S. Bhullarâ€™s comment
,Jaswinder S. Bhullarâ€™s commentJoseph Sikora
," ok , simple math is right triangle math for figuring the calculated drop of the horizon at linear distance view perpendicular to the center of the globe . "
,"C equals the square root of the sum of A squared plus B squared ,  thus with a 3,959 mile radius , 100 miles of linear view has a drop of the horizon at 6,668 feet ."
,â€¦see moreJoseph Sikoraâ€™s comment
,Joseph Sikoraâ€™s commentTom O'Sullivan
, Interesting part of history!Tom O'Sullivanâ€™s comment
,Tom O&#39;Sullivanâ€™s commentSwanil Chaudhari
,Swanil Chaudhariâ€™s commentKhaled Abu Shammala
, Ignoring your customer complain is worst thingKhaled Abu Shammalaâ€™s comment
,Khaled Abu Shammalaâ€™s commentThireshin Rama
, Great job Robin McFerrin! A Real SuperwomanThireshin Ramaâ€™s comment
,Thireshin Ramaâ€™s commentLaura Ann Preston-Dayne
, So proud to be a part of this eventLaura Ann Preston-Dayneâ€™s comment
,Laura Ann Preston-Dayneâ€™s commentRichard Lenzen
, My daughter loved this!  She is very much interested in finding a mentor to nurture her unique talents.Richard Lenzenâ€™s comment
,Richard Lenzenâ€™s comment 
, Comment on Richard Lenzenâ€™s comment
,3moOpen options for Keith Kerbyâ€™s comment Keith Kerby
," If she is interested in engineering,  then she should contact my daughter.  She is an EE professor at UMass in Boston.Keith Kerbyâ€™s comment"
,Keith Kerbyâ€™s comment
,Felipe Abreu de Vietro
, Nathalia PaulaFelipe Abreu de Vietroâ€™s comment
,Felipe Abreu de Vietroâ€™s commentDomenico Romano
, very good!Domenico Romanoâ€™s comment
,Domenico Romanoâ€™s commentPaola Genovese
," Live independently is the dream of all people with difficulties, but do it aboard one Alpha Romeo â€¦. It is much more ;-)Paola Genoveseâ€™s comment"
,Paola Genoveseâ€™s commentAllen Miguel Pereira
, Would like to be a part of your team.Allen Miguel Pereiraâ€™s comment
,Allen Miguel Pereiraâ€™s commentSIE Solutions Saltillo
,SIE Solutions Saltilloâ€™s commentShadley Waller
, in english? please.Shadley Wallerâ€™s comment
,Shadley Wallerâ€™s commentGiuseppe Casella
, InteressatoGiuseppe Casellaâ€™s comment
,Giuseppe Casellaâ€™s commentPaola Giudici
, Un gruppo come FCA non puÃ² e non deve puntare solo su ingegneri neolaureati o laureandi.
,"Ci sono , come me, fior fiore di professionisti del Marketing e della Comunicazione, i quali sono, di conseguenza, tagliati fuori....nonostante siano sempre aggiornati e maggiormente experienced dei giovanissimi .Paola Giudiciâ€™s comment"
,Paola Giudiciâ€™s comment
,3 Likes  3 Likes on Paola Giudiciâ€™s comment
,Paola Giudici
, Un bravo ingegnere solo dopo anni diventa un ottimo marketer!Paola Giudiciâ€™s comment
,Paola Giudiciâ€™s commentAlberto Tadeu Pinto Pereira
,See my profileAlberto Tadeu Pinto Pereiraâ€™s comment
,Alberto Tadeu Pinto Pereiraâ€™s comment
,Alberto Tadeu Pinto Pereiraâ€™s comment
,Salvatore Di Fusco
, Giovani siate imprenditori di voi stessi i grandi gruppi sono politicizzati e nella gran parte trovate ai primi livello parenti amici e affini di politici e sindacati. Lavoro nel gruppo FCA dal 1997 entrai come operaio nel 2000 mi spostarono in ufficio 2001 gestivo magazzino materie prime 2002 logistica 2005 responsabile logistica dal 2006 al 2010 controller di stabilimento. Morale della favola gente che non sapeva fare nemmeno la O col bicchiere erano capi e quadri io nel 2012 ho dovuto fare vertenza all azienda e tuttora in attesa di appello dopo 12 anni ancora inquadrato come operaio. Grazie anche ai capi del personale che badavano piÃ¹ alla vendita dei posti di lavoro.
,FCA  =SQUALLORE
,â€¦see moreSalvatore Di Fuscoâ€™s comment
,Salvatore Di Fuscoâ€™s commentSalvatore Di Fusco
, Qualcuno forse legge ed Ã¨ scettico a riguardo ora allego una delle ultime mail inviate agli enti centrali.
,Sono stato rimosso solo perchÃ© rivendicavo di adeguare la mia posizione .... ecco questo Ã¨ il gruppo FCASalvatore Di Fuscoâ€™s comment
,Salvatore Di Fuscoâ€™s commentSalvatore Di Fusco
, Da: DI FUSCO Salvatore (MM) 
,Inviato: giovedÃ¬ 24 marzo 2011 10.57
,A: CORVINO Antonio (MM); GALLO Luca (MM); PENATI Donatella (MM); DOGLIO Walter (MM); CALI' Mario (FIAT SERVICES); SCARAFIOTTI Simone (MM); BOGGETTO Annarita (MM); BAGNATO Antonino (MM); DE MARTINO Marco (MM); ARPAIA Salvatore (MM)
,Cc: DI FUSCO Salvatore (FGA); 'salvatordifusco@gmail.com'; 'rafdidonato@yahoo.it'; RUSSO Angelo (MM)
,Oggetto: nuova mansione
, 
,"Buongiorno,"
, 
,"porto a conoscenza che da oggi svolgerÃ² nuova mansione,"
,pertanto vorrei salutare e ringraziare (chi lo merita ) le persone che in questi 4 anni (poco piÃ¹ poco meno)
,ho avuto modo di conoscere.
,PoichÃ© il mondo lavorativo attuale non rispecchia le svariate teorie che nellâ€™arco della vita
,apprendiamo con lo studio e con lâ€™esperienza a riguardo di meritocrazia e crescita professionale.
,Me ne  ritorno al passato fiero di non avere piÃ¹ contatti diretti con alcuni personaggi che rispetto ma non stimo
,"tornando indietro di 10 anni per andare a svolgere il mio nuovo incarico di addetto al ricevimento merci,"
,"non mi prolungo prima perchÃ© ci vorrebbero ore , secondo perchÃ© per molti non ne vale la pena."
, 
,Saluto e ringrazio col cuore i pochi che lo meritano
, 
,p.s quindi da oggi non inviate richieste inerenti al lavoro di controllo gestione
,  vi comunico inoltre che se il mio legale ritenesse necessario potreste essere chiamati a testimoniare a riguardo.
,saluti
,Di Fusco Salvatore
,Controller stab. Napoli -Pomigliano
,Plastic Components and Modules Automotive S.p.A
,Stabilimento di  Napoli   tel.+39.081.226.44.37
,fax+39.081.226.45.36
,E-mail: salvatore.difusco@magnetimarelli.com
,â€¦see moreSalvatore Di Fuscoâ€™s comment
,Salvatore Di Fuscoâ€™s commentSalvatore Di Fusco
, Senza nessuna risposta o magari chiedere spiegazione xche venissi sollevato dal mio incaricoSalvatore Di Fuscoâ€™s comment
,Salvatore Di Fuscoâ€™s commentFederico Ansaloni
," E' bellissima, un vero SUV in stile Alfa Romeo "
,Federico Ansaloniâ€™s comment
,Federico Ansaloniâ€™s commentFabio Ponti
, Fabrizio ForleoFabio Pontiâ€™s comment
,Fabio Pontiâ€™s comment
, Fabio Pontiâ€™s comment
,Alessandro Poggio
, Mi piace..complimenti al Management di ALFA Romeo  un SUV che puÃ² competere con la concorrenza..Alessandro Poggioâ€™s comment
,Alessandro Poggioâ€™s commentMartin MedingdÃ¶rfer
, Hard to resist...Martin MedingdÃ¶rferâ€™s comment
,Martin MedingdÃ¶rferâ€™s commentJean-Marc Magnan
, There will be 2 more SUV/VUS models added to the lineup for 2019. Alfa Romeo is coming back in force! This was announced yesterday by Mr. Marchionne.Jean-Marc Magnanâ€™s comment
,Jean-Marc Magnanâ€™s comment
,   on Jean-Marc Magnanâ€™s comment
,Antonio Pinheiro Ferreira
, lindoAntonio Pinheiro Ferreiraâ€™s comment
,Antonio Pinheiro Ferreiraâ€™s commentLEE HOLDER
, Italian Beauty! Saw it at Chicago Auto Show !LEE HOLDERâ€™S comment
,LEE HOLDERâ€™S commentEric Truesdell
, Please contact me if you are in need of New Vehicle Inventory or if you are heavy on any New Vehicle Inventory!  Office 352-322-2207 email erict@autofindersofamerica.com www.autofindersofamerica.com  Remember I am here to HELP YOU MAKE MONEY AND SAVE MONEY!!!!Eric Truesdellâ€™s comment
,Eric Truesdellâ€™s commentAngelo Emmi
, La foto specchiata non Ã¨ il massimo... il primo suv con il doppio volante XDAngelo Emmiâ€™s comment
,Angelo Emmiâ€™s comment
,4 Likes  4 Likes on Angelo Emmiâ€™s comment
,Filipe Dias
, Suv il piÃ¹ bello del mondoFilipe Diasâ€™ comment
,Filipe Diasâ€™ commentMichel Corrado Ù…ÙŠØ´ÙŠÙ„ ÙƒÙˆØ±Ø±Ø§Ø¯Ùˆ
, TOPMichel Corrado Ù…ÙŠØ´ÙŠÙ„ ÙƒÙˆØ±Ø±Ø§Ø¯Ùˆâ€™s comment
,Michel Corrado Ù…ÙŠØ´ÙŠÙ„ ÙƒÙˆØ±Ø±Ø§Ø¯Ùˆâ€™s commentManuel Raviola
," That is stunning, I saw it this morning in Mirafiori!Manuel Raviolaâ€™s comment"
,Manuel Raviolaâ€™s comment
, Manuel Raviolaâ€™s comment
,Marie-Pierre Pinard
, Ouuh! Marie-Pierre Pinardâ€™s comment
,Marie-Pierre Pinardâ€™s commentGiovanni Cerullo
," Thank God work in this company, let alone if I worked for competitionGiovanni Cerulloâ€™s comment"
,Giovanni Cerulloâ€™s comment
, Giovanni Cerulloâ€™s comment
,Ivan Orso
, Congratulations !  Beautiful car !!Ivan Orsoâ€™s comment
,Ivan Orsoâ€™s comment
, Ivan Orsoâ€™s comment
,Massimo Strano
, Where is 3.0 tdi > 300 hp??????Massimo Stranoâ€™s comment
,Massimo Stranoâ€™s commentReza Shamiri
, This is greatReza Shamiriâ€™s comment
,Reza Shamiriâ€™s commentJack Keebler
, When will Ferrari execute its crossover??
,Jack Keeblerâ€™s comment
,Jack Keeblerâ€™s commentZdravko Popovic
, #topdealZdravko Popovicâ€™s comment
,Zdravko Popovicâ€™s comment
, Zdravko Popovicâ€™s comment
,David Smulders
, Bellissimo!David Smuldersâ€™ comment
,David Smuldersâ€™ commentFletcher Ewing
, viva l'Italia!Fletcher Ewingâ€™s comment
,Fletcher Ewingâ€™s commentDaniele Morandi
, Stu pe nda.Daniele Morandiâ€™s comment
,Daniele Morandiâ€™s commentSwagat Sahoo
, mantenere Grow!Swagat Sahooâ€™s comment
,Swagat Sahooâ€™s commentSandy Paul Centorame
, It's an Italian  way of life lol:)Sandy Paul Centorameâ€™s comment
,Sandy Paul Centorameâ€™s commentJulius Moni
, Marvellous engineering. Julius Moniâ€™s comment
,Julius Moniâ€™s commentMarc David Biffi
, Spiccata originalitÃ  nella scelta del nome.
,Marc David Biffiâ€™s comment
,Marc David Biffiâ€™s commentThomas de Hoghton
, Keep it up!!Thomas de Hoghtonâ€™s comment
,Thomas de Hoghtonâ€™s commentAlessandro Bocchino
, Gran bel prodotto. ComplimentiAlessandro Bocchinoâ€™s comment
,Alessandro Bocchinoâ€™s commentWill Buchner
," Attended the technical training for all Giulia models in Torino, Italy over the past two weeks and it is a truly remarkable car!Will Buchnerâ€™s comment"
,Will Buchnerâ€™s comment
, Will Buchnerâ€™s comment
,Al Dingman
, The Edsel nose doesn't do it for me.Al Dingmanâ€™s comment
,Al Dingmanâ€™s commentSimon Gilmore
, Taking forever to reach New Zealand!!!Simon Gilmoreâ€™s comment
,Simon Gilmoreâ€™s commentDiego Suarez
," People who know agree, she is the best !"
,Diego Suarezâ€™s comment
,Diego Suarezâ€™s commentJackson Dillhole
," Beautiful car, but the days are numbered when it comes to the recalls that are going to come.  Jackson Dillholeâ€™s comment"
,Jackson Dillholeâ€™s commentMilan Gacik-Repcik
," ItÂ´s always suspicious when relative numbers are reported - itÂ´s usually used by politicians, so to correct it here are absolute numbers as well:"
,http://carsalesbase.com/european-car-sales-data/Alfa Romeo EU market share increased 10% between 2015 and 2016 
,".... from 0,40% to 0,44% so for 2017 it should be 0,58%Fiat EU market share increased from 4,63% to 4,93% between 2015 and 2016 "
,".... so for 2017 it should be 5,78%Lancia EU market share increased from 0,44% to 0,45% between 2015 and 2016 "
,".... so for 2017 it should be 0,46%Still way to go ... VW Group holds more that 4 x as much market share. "
,â€¦see moreMilan Gacik-Repcikâ€™s comment
,Milan Gacik-Repcikâ€™s commentMatt Rickman
," Your North America sales will be down in 2018. Sure, you will blame it on something else, but it will be for no other reason than the fact that you killed off the Dodge Grand Caravan and the Chrysler Town & Country, some of the best selling cars in America across ALL brands. Not sure what kind of genius made this decision, but the new Pacifica is no replacement to these two solid icons. A real shame. This would be equivalent to BMW destroying the M3 identity. Oh wait, idiots already did that."
,â€¦see moreMatt Rickmanâ€™s comment
,Matt Rickmanâ€™s commentManoharan Jesudian S A
, congratsManoharan Jesudian S Aâ€™S comment
,Manoharan Jesudian S Aâ€™S comment
, Manoharan Jesudian S Aâ€™S comment
,Frank Beernaert
," nothing extraordinary: there are many people driving +300km / day, year after yearFrank Beernaertâ€™s comment"
,Frank Beernaertâ€™s comment
, Frank Beernaertâ€™s comment
,Mark Belanger
, Way to go to prove fiat can go the distanceMark Belangerâ€™s comment
,Mark Belangerâ€™s commentDennis van Schaik
, fiatpandaclub punt nlDennis van Schaikâ€™s comment
,Dennis van Schaikâ€™s commentEdward Pate
, I wish FCA were more concerned with Chrysler's heritage and would have kep the WP Chrysler museum open!Edward Pateâ€™s comment
,Comment on Edward Pateâ€™s comment
,6moOpen options for Christopher Kuskiâ€™s comment Christopher Kuski
, Ed I hope they open it again at some point. Sergio doesn't realize what great brands he has. He is to worried about merging instead of running the business and taking market share with the great brands he has.Christopher Kuskiâ€™s comment
,Christopher Kuskiâ€™s comment
,Filippo Rivanera
,"I'm very happy for that! I believed in this result since the beginning!! I started the adventure of Panda 4x4 in Paris Dakar  driven by Miki Biasion and Bruno Saby, respectively (it was my idea!), in Lisboa Portugal when I was General Manager of Fiat Group Automobiles Portugal !! It is a big satisfaction for me!! grande Pandinaaaa!!!!Filippo Rivaneraâ€™s comment"
,Filippo Rivaneraâ€™s comment
,3 Likes  3 Likes on Filippo Rivaneraâ€™s comment
,Descamps Brice
, Well done ! ğŸ‘Descamps Briceâ€™s comment
,Descamps Briceâ€™s commentManoharan Jesudian S A
, congratsManoharan Jesudian S Aâ€™S comment
,Manoharan Jesudian S Aâ€™S commentRenee Stephens
, Outstanding performance for FCA!Renee Stephensâ€™ comment
,Renee Stephensâ€™ comment
,3 Likes  3 Likes on Renee Stephensâ€™ comment
,Julien Delangle
, de trÃ¨s bonne augure pour 2017!Julien Delangleâ€™s comment
,Julien Delangleâ€™s commentBill Kellestine
, Fantastic!  Well done.Bill Kellestineâ€™s comment
,Bill Kellestineâ€™s commentGuillermo Ballesteros
, Let's do it in 2017 as well ..Guillermo Ballesterosâ€™ comment
,Guillermo Ballesterosâ€™ comment
, Guillermo Ballesterosâ€™ comment
,Giacomo Rossi
, Outperformance!!Giacomo Rossiâ€™s comment
,Giacomo Rossiâ€™s commentAlessandro Poggi
," In the last years fiat/fca improved a lot the quality and the attractiveness of its product, it definitely deserves the excellent results it is getting. I expect even better things from Fca.Alessandro Poggiâ€™s comment"
,Alessandro Poggiâ€™s comment
,   on Alessandro Poggiâ€™s comment
,Gary Exall
, Bravi!  Congratulazioni!Gary Exallâ€™s comment
,Gary Exallâ€™s commentChrysopigi Vardikou
, Well done FCA! We're very happy that we are entering your network!Chrysopigi Vardikouâ€™s comment
,Chrysopigi Vardikouâ€™s commentPeter Magnusson
, sorprendente!Peter Magnussonâ€™s comment
,Peter Magnussonâ€™s commentFrancisco RamÃ³n Pelzing
, What are the reasons for this stunning increase?
,Francisco RamÃ³n Pelzingâ€™s comment
,Francisco RamÃ³n Pelzingâ€™s commentAnjanette Futie
, Customer service and Beautiful automobiles that are more reliable than ever before. Premium automobiles for premium Customers and a unforgettable experience .Anjanette Futieâ€™s comment
,Anjanette Futieâ€™s commentLuis Flores
, As soon as the VW scandal surged FCA made sure its vehicles did not include any of SW routines that VW utilized in its vehicles; I am surprised of the current EPA approach of shoot and ask later.Luis Floresâ€™ comment
,Luis Floresâ€™ comment
, Luis Floresâ€™ comment
,Fabrizio Pisano
, Proud to work here. Nothing else.Fabrizio Pisanoâ€™s comment
,Fabrizio Pisanoâ€™s comment
,4 Likes  4 Likes on Fabrizio Pisanoâ€™s comment
,Rudy P.
, I would love to work for this amazing company.
,Rudy P.â€™s comment
,Rudy P.â€™s commentKristopher Henderson
,the government should allow pollution credits towards vehicles as more greener vehicles are manufactured they should allow some of the builds to have some pollution across the number of vehicles produced. This would in able some flexibility with some of the product lines that are more difficult to keep to harsh regulations. Just saying something like this could help manufacturers to keep alive.
,â€¦see moreKristopher Hendersonâ€™s comment
,Kristopher Hendersonâ€™s commentMichael Hagemeyer
,A Very beautiful car IÂ´ loved it. Forty years ago IÂ´d owned a Fiat X 1/9 Bertone - blue metallic a limited edition - a targa mid - engine-sportscar. I loved this car and also my wife.Michael Hagemeyerâ€™s comment
,Michael Hagemeyerâ€™s comment
, Michael Hagemeyerâ€™s comment
,Paul Petrilli
," Now the Lancia Stratos is a serious blast from the past...now we're talking...anyone at Lancia fancy redeveloping a classic, in a similar way Alfa Romeo has done...?Paul Petrilliâ€™s comment"
,Paul Petrilliâ€™s comment
, Paul Petrilliâ€™s comment
,Alain Piller
, I'm very surprised to read such a post published by the company that killed Lancia. It's a shame for the top management of FCA (S. Marchionne) to let disappear one of the most famous car brand with great history and achievement.Alain Pillerâ€™s comment
,Alain Pillerâ€™s comment
,4 Likes  4 Likes on Alain Pillerâ€™s comment
,Manoharan Jesudian S A
, Lancia can be developed and projected as a Rally car like those days
,Manoharan Jesudian S Aâ€™S comment
,Manoharan Jesudian S Aâ€™S commentEdoardo de Pantz
,"You might be right Alain, but that was the same common feeling regarding Alfa Romeo since few months ago. Maybe there will be the moment for new adrenaline regarding Lancia in the future? (hopefully before we'll go to pension!)Edoardo de Pantzâ€™s comment"
,Edoardo de Pantzâ€™s comment
,on Edoardo de Pantzâ€™s comment
,Comment on Edoardo de Pantzâ€™s comment
,7moOpen options for Alain Pillerâ€™s comment Alain Piller
," Could you be right dear Edoardo, that's my only wish :-)"
,Kind and Lancisti regards 
,AlainAlain Pillerâ€™s comment
,Alain Pillerâ€™s comment
,on Alain Pillerâ€™s comment
,Edoardo de Pantz
," Thank Alain. I wish you a very Merry Christmas, and a Kind a Alfisti regards as well!"
,Edoardo de Pantzâ€™s comment
,Edoardo de Pantzâ€™s commentVincent WILLEMS
, TrÃ¨s belle image d'une voiture et d'une marque qui reprÃ©sentait jadis l'incarnation de la compÃ©tition et du savoir faire Ã  l'italienne pourquoi un groupe comme fiat la mise au oubliette?  Vincent WILLEMSâ€™ comment
,Vincent WILLEMSâ€™ commentSergio Vicarelli
, It is time to come back!Sergio Vicarelliâ€™s comment
,Sergio Vicarelliâ€™s comment
, Sergio Vicarelliâ€™s comment
,Valentin Nedelchev
,Isn't it ridiculous how badly FCA is trying to kill a brand that outselling Audi in Italy with only one model on its range....
,"I'm very happy that Alfa Romeo is growing so fast, we will come back on the top of the list of the car builders, I,m sure that Marchionne will reserve to us a surprise for Lancia...!!!ORESTE ANDREOTTIâ€™S comment"
,Luca Minari
,"Sarebbe interessante sapere quante sono le km.0, quante sono le vetture svendute a societÃ  di noleggio o simili etc etc. Sarebbe interessante sapere il dato vero. Quante macchine sono state VENDUTE davvero e non quante sono state immatricolate. Luca Minariâ€™s comment"
,Luca Minariâ€™s commentPaul Petrilli
," What's a STONG sales..?  If FCA want to continue with the upward sales plans, then as a starting point, somebody should really do a spell check.  I know it's not a big issue, but if there's a press release such as this, these things matter.Paul Petrilliâ€™s comment"
,Paul Petrilliâ€™s commentCorporate Career Astro Bharat Bhushan
, goodCorporate Career Astro Bharat Bhushanâ€™s comment
,Corporate Career Astro Bharat Bhushanâ€™s commentHUDSON ALMEIDA
," Fantastic, great results!!!HUDSON ALMEIDAâ€™S comment"
,HUDSON ALMEIDAâ€™S commentPushpinder Singh
, Fabulous achievement... even under depressed market conditions.Pushpinder Singhâ€™s comment
,Pushpinder Singhâ€™s commentMichael Patenotte
, fantastic !!Michael Patenotteâ€™s comment
,Michael Patenotteâ€™s commentSyed Sabir Ali
, great job doneSyed Sabir Aliâ€™s comment
,Syed Sabir Aliâ€™s commentFilipe Afonso
, Belo!!Filipe Afonsoâ€™s comment
,Filipe Afonsoâ€™s commentDariusz Blok
," Ho visto in Torino. Bella, forte e veloce.Dariusz Blokâ€™s comment"
,Dariusz Blokâ€™s commentIvan Orso
, Splendida autovettura !Ivan Orsoâ€™s comment
,Ivan Orsoâ€™s commentPaola Giudici
, Sustainability is the new wave for success and FCA Fiat Chrysler Automobiles is following this way with a great success!!!!!! Numbers speak !!!!! ;) ;) ;)Paola Giudiciâ€™s comment
,Paola Giudiciâ€™s commentEduardo Braga Santos
," It's a giant step forward, when great company cares about earth and people.Eduardo Braga Santosâ€™ comment"
,Eduardo Braga Santosâ€™ comment
,on Eduardo Braga Santosâ€™ comment
, 
,Comment on Eduardo Braga Santosâ€™ comment
,8moOpen options for Milan Å½ivkoviÄ‡â€™s comment Milan Å½ivkoviÄ‡
, Couldn't agree more!Milan Å½ivkoviÄ‡â€™s comment
,Milan Å½ivkoviÄ‡â€™s comment
,Justin Welch
, A true achievement to be proud of.Justin Welchâ€™s comment
,Justin Welchâ€™s comment
, Justin Welchâ€™s comment
,Anuja Papriwal
," Even little measures on basic levels amount to such huge savings! This is why it's important to care, good to know FCA does! :)Anuja Papriwalâ€™s comment"
,Anuja Papriwalâ€™s commentSyed Sabir Ali
, I'm also working on water saving project and achieved encouraging results in my companySyed Sabir Aliâ€™s comment
,Syed Sabir Aliâ€™s commentBert R.
, For Fiat to just run for any length of time is a victory. Italians typically say Fiat stands for Fix It Again Tony. Then not known for reliability.Bert R.â€™s comment
,Bert R.â€™s comment 
, Bert R.â€™s comment
,8moOpen options for Alain Pillerâ€™s comment Alain Piller
," Bert, Fiat cars are at least much more reliable than a lot of US cars !Alain Pillerâ€™s comment"
,Alain Pillerâ€™s comment
,   on Alain Pillerâ€™s comment
,8moOpen options for Peter Gruichâ€™s comment Peter Gruich
, Alain Piller
,"Please name one.  According to consumer reports, you have to be completely clueless or from a 3rd world country to buy one of these.  Have you actually looked at one?Peter Gruichâ€™s comment"
,Peter Gruichâ€™s comment
,charles alvin scott
," There is a need for clean energy vehicles where the tailpipe is True Zero emissions to sing and dance about a 2% cut in emissions is a joke. If this is the best that FCA can do when they have all the expertise of Ferrari from F1 then they deserve to fail like Kodak.My suggestion is to pull down your wall to innovation, accept that the answer may well be in Open Innovation, carry out DD on my HyPulJet.2.0 Hydrogen Rotary Engine-generator for EVs concept. The BIG difference, I am confident that this engine will have its own own on board the EV fuel production.Southampton University have assessed the documentation contained in the three Patent applications covering this revolutionary engine and they have decided that the description and drawing covering the design, processes and methods are Plausible.That does not include assessment of the fuel production unit, which in reality is a bolt on and deliberately not included in the Patents as there are any number of such units available and a different system would have allowed a design around.  â€¦see morecharles alvin scottâ€™s comment"
,charles alvin scottâ€™s comment
,on charles alvin scottâ€™s comment
,Comment on charles alvin scottâ€™s comment
,8moOpen options for Peter Gruichâ€™s comment Peter Gruich
, FCA celebrates if they gain 1 hp after spending 1.5 BILLION on an engine design replacing the old engine.  Nothing like setting goals....Peter Gruichâ€™s comment
,Peter Gruichâ€™s comment
,Emil Mikhailoff - Grainis ltd. Hydrogen Bulgaria
," -- Methanol fuel could be produced by synthesis of Hydrogen and Carbon Monoxide in a Fisher-Tropsch (FT) Reactor. A similar methanol plant works in Iceland. Hydrogen is being produced, using thermal waters energy, and CO comes from the exhaust gases of a coal power plant located nearby.Emil Mikhailoff - Grainis ltd. Hydrogen Bulgariaâ€™s comment"
,Emil Mikhailoff - Grainis ltd. Hydrogen Bulgariaâ€™s comment
,Emil Mikhailoff - Grainis ltd. Hydrogen Bulgariaâ€™s comment
,Thank you from all the Italians!!!!!!
,"I am very happy for the Alfa Romeo result especially: two days ago , when I saw Enzo Ferrari driving an Alfa pictured on the main wall of the museum in Modena , a strong emotion grew more and more inside me!!!!Paola Giudiciâ€™s comment"
,Paola Giudiciâ€™s comment
,Paola Giudiciâ€™s comment
,Paola Giudici
,"Congrats for the new models, the innovation and the new cars you launch successfully on the market more often than before!!!! Paola Giudiciâ€™s comment"
,Paola Giudiciâ€™s comment
,Paola Giudiciâ€™s comment
,Naz MeahI prefer BMW!Naz Meahâ€™s comment
,Naz Meahâ€™s commentFranco Staffa
,New models? .... Which? ... The american cars imported in Europe? ... And what about Lancia? ... I remember when Lancia was in competition with Audi!! Now:...What is Audi? ... and .. what is Lancia? .... :-(Franco Staffaâ€™s comment
,Comment on Franco Staffaâ€™s comment
,9moOpen options for Carmelo Cabboiâ€™s comment Carmelo Cabboi
," New models: Giulia, 124, 124 Abarth, Tipo 3 e 5p, Tipo SW, Toro, Fullback, and the Stelvio coming next month, Compass. Some facelifting for Ferrari and Maserati. Could you tell me which are the rebadged model coming from EEUU? FCA is making a greate job. Thick what Jeep was and how is selling now... "
,Carmelo Cabboiâ€™s comment
,Carmelo Cabboiâ€™s comment
, Carmelo Cabboiâ€™s comment
,Derek Nelms
, Cannot wait for the Rebel TRX Derek Nelmsâ€™ comment
,"Derek Nelmsâ€™ commentCleber Soares de Carvalho, M Sc."
," Please, talk me about the number in Latin AmericaCleber Soares de Carvalho, M Sc.â€™s comment"
,"Cleber Soares de Carvalho, M Sc.â€™s comment"
," Cleber Soares de Carvalho, M Sc.â€™s comment"
,Michele Paduano
, And Lancia only with the Ypsilon.. Michele Paduanoâ€™s comment
,Michele Paduanoâ€™s commentRodrigo Azevedo
, gosteiRodrigo Azevedoâ€™s comment
,Rodrigo Azevedoâ€™s commentSteve Lombardo
, I predict Iveco replaces the Cummins engine in Ram trucks if Fiat holds onto Chrysler longer.Steve Lombardoâ€™s comment
,Steve Lombardoâ€™s commentMaciek Nawrot
, It's about time someone realized natural gas is the future of the automotive!!!Maciek Nawrotâ€™s comment
,Maciek Nawrotâ€™s comment
, Maciek Nawrotâ€™s comment
,Giorgio De Ruggieri
, Hybrid and electric will cost too much to final customers and energy availability to be the only way.
,"CNG, LNG and methanol are the easiest, quickest and cheapest answers to Eco friendly automotive world request.Giorgio De Ruggieriâ€™s comment"
,Giorgio De Ruggieriâ€™s comment
,3 Likes  3 Likes on Giorgio De Ruggieriâ€™s comment
,Donatella De Pasquale
," Ma PerchÃ¨ se i principali costruttori di  auto stanno investendo sull'elettrico , lui va sul metano?Ricorda molto la scelta di St per le memorie.......Donatella De Pasqualeâ€™s comment"
,Donatella De Pasqualeâ€™s comment
,   on Donatella De Pasqualeâ€™s comment
,Roberto Avidano
," era ora che qualcuno cercasse di smuovere questo disservizio! Moncalieri quinto comune piemontese non ha distributori, per fare il pieno devo fare 30 km, considerando i 300km di autonomia.. il 10% se ne va solo per fare rifornimento. In autostrada si possono fare 400km tra un distributore e l'altro. Per questo voglio tornare al caro vecchio ed inquinante gasolio !!â€¦see moreRoberto Avidanoâ€™s comment"
,Roberto Avidanoâ€™s commentCaio Oliveira
, Cesar Augusto de OliveiraCaio Oliveiraâ€™s comment
,Caio Oliveiraâ€™s comment
,4 Likes  4 Likes on Caio Oliveiraâ€™s comment
,Dennis van Schaik
, Goed werk van FCA !Dennis van Schaikâ€™s comment
,Dennis van Schaikâ€™s commentProdel Jean-Yves
, The Chrysler Pacifica will be much better with a Braunability Pacifica Wheelchair Van. It will be a huge market in Europe with no doubt! Prodel Jean-Yvesâ€™ comment
,Prodel Jean-Yvesâ€™ commentBrad Martin
," Welcome back, Alfa!Brad Martinâ€™s comment"
,Brad Martinâ€™s comment
, Brad Martinâ€™s comment
,Matthew Hajec
," What a fine piece of machinery, however is it me... or does it look like a Infinity and Jaguar had a baby?Matthew Hajecâ€™s comment"
,Matthew Hajecâ€™s comment
, Matthew Hajecâ€™s comment
, 
, Matthew Hajecâ€™s comment
,10moOpen options for Alex Weareâ€™s comment Alex Weare
, It's really a great looking car in person. Pretty exciting car.Alex Weareâ€™s comment
,Alex Weareâ€™s comment
,Reply10moOpen options for Jonathan Combastâ€™s comment Jonathan Combast
," I love Alpha's styling, but I have heard that their reliability isn't that great.  Jonathan Combastâ€™s comment"
,Jonathan Combastâ€™s comment
, Jonathan Combastâ€™s comment
,Angelo Agostino
, Stunning car...the Germans with no speed limit Hwy ..they will be faster than a private jet ..city to city..!!Angelo Agostinoâ€™s comment
,Angelo Agostinoâ€™s commentAlessandro Foletti
, Last time I checked the Nordschleife had 73 turns...Alessandro Folettiâ€™s comment
,Alessandro Folettiâ€™s commentTroy Driskell
, fun car to drive !Troy Driskellâ€™s comment
,Troy Driskellâ€™s commentMehmet Ã–nder
, Finally Alfa Romeo remembered its true spirit CUORE SPORTIVOMehmet Ã–nderâ€™s comment
,Mehmet Ã–nderâ€™s comment
,   on Mehmet Ã–nderâ€™s comment
,Cilla Hirani
," 40th birthday present Grand Jeep Cherokee, totally written off 800 miles, within 3 months of getting it.  Car had been parked and no one was in it thank god, fire service say it was a wiring short.  Jeep have a lot to answer for, they are trying to say the fire happened in the middle of the car behind the passenger seats with an ignition source that is not there anymore ...which doesn't correlate to what the fire investigators said or to these pictures!! New MD at Jeep but sadly Ashley Andrew has no time for minions like me who have invested hard earned money buying into their products.   I have searched the Internet and they have so many wiring issues."
,â€¦see moreCilla Hiraniâ€™s comment
,Cilla Hiraniâ€™s commentRon Greenstein
, Need for SpeedRon Greensteinâ€™s comment
,Ron Greensteinâ€™s commentStavros Konstantopoulos
, It's about time Alfa has come up with a serious performance car. Bravo!Stavros Konstantopoulosâ€™ comment
,Stavros Konstantopoulosâ€™ commentRobert Kosmala
, Mayby he was rushing to the mechanic ;)Robert Kosmalaâ€™s comment
,Robert Kosmalaâ€™s commentSean Krieg
, Not a bad time for a sedan that is made by a company not known for its performanceSean Kriegâ€™s comment
,Sean Kriegâ€™s commentNikolay Pramatarov
," @Sean: Not known by you maybe. The first Ferrari's were Alfa's with a different badge. Alfa Romeo has always been and hopefully, always will be among the most desirable cars for motoheads. Missed the mark lately for various reasons, but the pedigree is unquestionable.Nikolay Pramatarovâ€™s comment"
,Nikolay Pramatarovâ€™s commentFabio Ricciutelli
, non lasciate morire la Lancia...
,Fabio Ricciutelliâ€™s comment
,Fabio Ricciutelliâ€™s comment
,8 Likes  8 Likes on Fabio Ricciutelliâ€™s comment
, 
, Comment on Fabio Ricciutelliâ€™s comment
,10moOpen options for silvia marinucciâ€™s comment silvia marinucci
," un mio consiglio se posso: Ã¨ una gran bellssima auto, ma per le persone disabili non Ã¨ x niente adatta e a me che sono disabile e che piacerebbe molto acquistarla non posso: baule non accessibile per la carrozzina, apertura portiere non abbastanza ampie, se tutto lo spazio impiegato per il gran cofano lo si dimezzasse e lo si distribuisse un pÃ² quÃ  e un pÃ² lÃ , secondo me potrebbe essere fattibile...comunque rimane sempre un mio pensiero...grazie dell'attenzione!!!"
,â€¦see moresilvia marinucciâ€™s comment
,silvia marinucciâ€™s comment
,Cristian Pulcini
, Giulia sportwagon!! PleaseCristian Pulciniâ€™s comment
,Cristian Pulciniâ€™s comment
,   on Cristian Pulciniâ€™s comment
,Jelian Yang
, great news!Jelian Yangâ€™s comment
,Jelian Yangâ€™s commentFabio Cavone
, Well done! Keep pushing FCA!Fabio Cavoneâ€™s comment
,Fabio Cavoneâ€™s commentSiddhartha D
," Great news, well done..!Siddhartha Dâ€™S comment"
,Siddhartha Dâ€™S commentemmanuel kado
," Gasim BellaDear Gasim, please pay us the sum of US$500.00, which is for $35.00 NSF check and $465.00 changing the electricity of Oven . Rgrds."
,emmanuel kadoâ€™s comment
,emmanuel kadoâ€™s commentIgnacio Barrera Torrez
, Cesar Saul Ceja ZaragozaIgnacio Barrera Torrezâ€™s comment
,Ignacio Barrera Torrezâ€™s comment
, Ignacio Barrera Torrezâ€™s comment
,EmÃ­lio Gustavo
, PatrÃ­cia CorrÃªaEmÃ­lio Gustavoâ€™s comment
,EmÃ­lio Gustavoâ€™s commentMarcio Ramos
, Leandro SeixasMarcio Ramosâ€™ comment
,Marcio Ramosâ€™ comment
, Marcio Ramosâ€™ comment
,PatrÃ­cia P.A
, Alex Flavio
, Thats a really great !
,PatrÃ­cia P.Aâ€™S comment
,PatrÃ­cia P.Aâ€™S comment
, PatrÃ­cia P.Aâ€™S comment
,SÃ´nia GonÃ§alvÃªs Dos Reis
, Gostaria de trabalhar na empresa.SÃ´nia GonÃ§alvÃªs Dos Reisâ€™ comment
,SÃ´nia GonÃ§alvÃªs Dos Reisâ€™ commentLuiz Fernando Guzo
, JÃ¡der FernandesLuiz Fernando Guzoâ€™s comment
,Luiz Fernando Guzoâ€™s commentPedro VÃ­ctor Boy TÃ´rres Maia
, Vinicius MesquitaPedro VÃ­ctor Boy TÃ´rres Maiaâ€™s comment
,Pedro VÃ­ctor Boy TÃ´rres Maiaâ€™s commentLudmila Biagini Lopes
, Project chief  brake system - Fiat Chrysler BrasilLudmila Biagini Lopesâ€™ comment
,Ludmila Biagini Lopesâ€™ commentJosÃ© Roberto GÃ³mez Olivares
," disculpa, la liga que publican en la imagen no sirve, Â¿puedo aplicar en otro lado?JosÃ© Roberto GÃ³mez Olivaresâ€™ comment"
,JosÃ© Roberto GÃ³mez Olivaresâ€™ commentWilco van Engelenburg
, Joost Straathof !! Nice ğŸ‘ŒWilco van Engelenburgâ€™s comment
,Wilco van Engelenburgâ€™s commentMichele Giura
," Questo Ã¨ il risultato dell'impegno costante che tutti i dipendenti FCA mettono giorno dopo giorno,  la ricetta .....Ã¨ credere sul prodotto in sviluppo!!!Michele Giuraâ€™s comment"
,Michele Giuraâ€™s comment
, Michele Giuraâ€™s comment
,Wallace Zhang
, nice design and technologies Wallace Zhangâ€™s comment
,Wallace Zhangâ€™s commentMichele Reale
," Il profondo rinnovamento che ha coinvolto il gruppo FCA tutto , dalla base ( concessionarie storiche che sono scomparse a favore di nuove realtÃ  sul territorio che hanno saputo cogliere l'opportunitÃ  del cambiamento ), ai vertici stessi del gruppo ( che ricordiamo non essere composto solo dalla FCA -settore auto- ) ....Ã¨ stata la strategia vincente ."
,"In quest'ottica va letto anche l'indubbio miglioramento del prodotto , che Ã¨ una logica conseguenza del cambio di rotta di quest'ultimo lustro ..e non solo ."
,Complimenti a FCA !
,â€¦see moreMichele Realeâ€™s comment
,Michele Realeâ€™s comment
,3 Likes  3 Likes on Michele Realeâ€™s comment
,Nicolas De Fabritiis
, Marchionne come Re Mida.Nicolas De Fabritiisâ€™ comment
,Nicolas De Fabritiisâ€™ commentalessandro IL MILLA G.
, milioni dieuro concentrati in poche testee i fiattini li fermi  il picoiclo ruolo   alessandro IL MILLA G.â€™s comment
,alessandro IL MILLA G.â€™s commentalessandro IL MILLA G.
, pero e un azineda ch epaga gli stipendi sempre e comuqnue   alessandro IL MILLA G.â€™s comment
,alessandro IL MILLA G.â€™s commentDavid Carvalho
, What about in Brazil?David Carvalhoâ€™s comment
,David Carvalhoâ€™s commentLatris Brown
, Great job FiatCHrysler Family!!Latris Brownâ€™s comment
,Latris Brownâ€™s commentMichael Patenotte
, Great job FiatCHrysler Family!!Michael Patenotteâ€™s comment
,Michael Patenotteâ€™s comment
, Michael Patenotteâ€™s comment
,Daniel Butroid
, Does the continued success of the Ypsilon mean that Fiat may reconsider the fate of the Lancia brand? Please. Daniel Butroidâ€™s comment
,Daniel Butroidâ€™s commentPeter Kragelund Andersen
, Hvordan gÃ¥r det i DK?Peter Kragelund Andersenâ€™s comment
,Peter Kragelund Andersenâ€™s commentSusan Mastriano
, I bought a 2016x fiat. Has electric problems.Susan Mastrianoâ€™s comment
,Susan Mastrianoâ€™s commentRicardo Magalhaes Pereira  ğŸ“±âœ”
, The plural of Euro does not have the S.
,Stupid...Ricardo Magalhaes Pereira  ğŸ“±âœ”â€™s comment
,Ricardo Magalhaes Pereira  ğŸ“±âœ”â€™s comment
,   on Ricardo Magalhaes Pereira  ğŸ“±âœ”â€™s comment
,Daniel Butroid
, Good to see the new profit and volume results. I have been a Fiat enthusiast for 40 years and an owner of a variety of Fiat Group cars for over 30. I've not regretted it for one moment. Daniel Butroidâ€™s comment
,Daniel Butroidâ€™s comment
, Daniel Butroidâ€™s comment
,Vinh Do
, Welcome back this iconic Italian roadster.Vinh Doâ€™s comment
,Vinh Doâ€™s comment
, Vinh Doâ€™s comment
,Johnny BjÃ¸rgan
, Now we only need a modern electric 850 sport coupe..Johnny BjÃ¸rganâ€™s comment
,Johnny BjÃ¸rganâ€™s commentWilson Leite da Silva
, Amazing machine!Wilson Leite da Silvaâ€™s comment
,Wilson Leite da Silvaâ€™s commentJoseph Rapai
, Delivered  a week  ago today  . Absolutely  amazing .Joseph Rapaiâ€™s comment
,Joseph Rapaiâ€™s comment
, Joseph Rapaiâ€™s comment
,Ricardo Magalhaes Pereira  ğŸ“±âœ”
," motore della panda, sicuro...Ricardo Magalhaes Pereira  ğŸ“±âœ”â€™s comment"
,Ricardo Magalhaes Pereira  ğŸ“±âœ”â€™s commentSusan Mastriano
, I bought a fiatx 2016. Electric problemSusan Mastrianoâ€™s comment
,Susan Mastrianoâ€™s commentDaniel Butroid
," To Susan Mastriano, I sympathise but isn't your new Fiat under warranty? They should be able to sort it. Daniel Butroidâ€™s comment"
,Daniel Butroidâ€™s commentVirupaksh Agrawal
," It's bolstering to see this technology being developed, particularly as many consumers are reluctant to embrace EVs!Virupaksh Agrawalâ€™s comment"
,Virupaksh Agrawalâ€™s comment
, Virupaksh Agrawalâ€™s comment
,Guillermo Ballesteros
, Excellent Guillermo Ballesterosâ€™ comment
,Guillermo Ballesterosâ€™ commentSusan Mastriano
, Fiat 500x. 2016. Keyless n go and fob works when it wants to.Susan Mastrianoâ€™s comment
,Susan Mastrianoâ€™s comment
, Susan Mastrianoâ€™s comment
,Rehan Ibadat
, NiceRehan Ibadatâ€™s comment
,Rehan Ibadatâ€™s commentAditya Kulkarni
, Thats a really great !Aditya Kulkarniâ€™s comment
,Aditya Kulkarniâ€™s commentHangod Electronics
, great!
,Hangod Electronicsâ€™ comment
,"Hangod Electronicsâ€™ commentCleber Soares de Carvalho, M Sc."
," E no Brasil?Cleber Soares de Carvalho, M Sc.â€™s comment"
,"Cleber Soares de Carvalho, M Sc.â€™s comment"
," Cleber Soares de Carvalho, M Sc.â€™s comment"
,Martin Dario Casebonne
, Argentina...????  Martin Dario Casebonneâ€™s comment
,Martin Dario Casebonneâ€™s commentAlessandro Vitale
, Joe VitaleAlessandro Vitaleâ€™s comment
,Alessandro Vitaleâ€™s comment
, Alessandro Vitaleâ€™s comment
,Satish Vij
,When can we witness this sales performance in IndiaSatish Vijâ€™s comment
,"Good, very good!!!TÃºlio Silvaâ€™s comment"
,Inutile crescita se i dividendi non vanno agli operai... loro sono i responsabili di tali numeri... 
,Ricardo Magalhaes Pereira
